Date,Decision,Alpha_Risk,Delta_Success,Wealth,Input_Features,Hypervector_Snippet,Manifold_Norm
2025-01-02,STOCK (NVDA),0.0,0.0,1044537.7052364291,"[0.0000, 0.0000, 0, 0.0000, 0]","[0.0, 0.0, 0.0, 0.0, 0.0, 0.0, 0.0, 0.0]",5.02
2025-01-03,HEDGE (GOLD),0.0008963723666965961,-0.02087056264281273,1043250.7345510726,"[0.0445, 0.0000, 0, 0.0000, 0]","[1.0, 1.0, -1.0, 1.0, -1.0, -1.0, 1.0, -1.0]",100.13
2025-01-06,HEDGE (GOLD),0.7117189168930054,-0.006410016678273678,1049127.819949275,"[0.0343, 0.0000, 0, 0.0000, 0]","[1.0, 1.0, -1.0, 1.0, -1.0, -1.0, 1.0, -1.0]",100.13
2025-01-07,STOCK (NVDA),-0.015302002429962158,-0.011737694032490253,1048903.4076546952,"[-0.0622, 0.0000, 0, 0.0000, 0]","[-1.0, -1.0, 1.0, -1.0, 1.0, 1.0, -1.0, 1.0]",140.43
2025-01-08,STOCK (NVDA),0.0,0.0,1017461.0056316325,"[-0.0002, 0.0000, 0, 0.0033, 0]","[-1.0, -1.0, 1.0, 1.0, 1.0, -1.0, -1.0, 1.0]",140.43
2025-01-10,STOCK (NVDA),-0.008542166091501713,0.0036025773733854294,997397.7009508916,"[-0.0300, 0.0000, 0, -0.0027, 0]","[-1.0, -1.0, 1.0, -1.0, 1.0, 1.0, -1.0, 1.0]",171.70
2025-01-13,STOCK (NVDA),0.004223085008561611,0.011086737737059593,986392.8145376679,"[-0.0197, 0.0000, 0, -0.0155, 0]","[1.0, -1.0, 1.0, -1.0, -1.0, 1.0, -1.0, -1.0]",185.83
2025-01-14,STOCK (NVDA),-0.5967217087745667,0.004320675972849131,1019931.4833409555,"[-0.0110, 0.0000, 0, -0.0246, 0]","[1.0, -1.0, 1.0, -1.0, -1.0, 1.0, 1.0, -1.0]",185.83
2025-01-15,HEDGE (GOLD),0.19891110062599182,-0.6088073253631592,1026980.1950171144,"[0.0340, 0.0000, 0, -0.0054, 0]","[1.0, 1.0, -1.0, -1.0, -1.0, -1.0, 1.0, -1.0]",185.83
2025-01-16,STOCK (NVDA),-0.08452720940113068,0.1016060933470726,1058811.4468951223,"[-0.0196, 0.0331, 0, -0.0093, 0]","[-1.0, -1.0, -1.0, -1.0, -1.0, -1.0, 1.0, -1.0]",185.83
2025-01-17,STOCK (NVDA),-0.0552976056933403,0.10766544193029404,1082800.1551990353,"[0.0310, 0.0349, 0, 0.0029, 0]","[-1.0, 1.0, -1.0, -1.0, -1.0, -1.0, 1.0, -1.0]",185.83
2025-01-21,STOCK (NVDA),-0.2564730644226074,0.45773833990097046,1130777.9238640626,"[0.0227, 0.0324, 0, 0.0114, 0]","[-1.0, 1.0, -1.0, -1.0, -1.0, -1.0, 1.0, -1.0]",185.83
2025-01-22,STOCK (NVDA),-0.3438050448894501,0.403339684009552,1131931.0285515345,"[0.0443, 0.0337, 0, 0.0225, 0]","[-1.0, 1.0, -1.0, -1.0, -1.0, -1.0, 1.0, -1.0]",185.83
2025-01-23,STOCK (NVDA),-0.42067116498947144,0.5951478481292725,1096562.89267437,"[0.0010, 0.0261, 0, 0.0159, 0]","[-1.0, -1.0, -1.0, -1.0, -1.0, -1.0, 1.0, 1.0]",169.50
2025-01-24,STOCK (NVDA),-0.1191084235906601,0.3692600429058075,910496.3196171668,"[-0.0312, 0.0285, 0, 0.0135, 0]","[-1.0, -1.0, 1.0, -1.0, -1.0, -1.0, 1.0, 1.0]",182.40
2025-01-27,HEDGE (GOLD),0.05790926143527031,0.1882668435573578,918377.9561501782,"[-0.1697, 0.0613, 0, -0.0266, 0]","[-1.0, -1.0, 1.0, -1.0, -1.0, -1.0, -1.0, 1.0]",182.40
2025-01-28,HEDGE (GOLD),0.227189302444458,0.090756356716156,914851.0085088061,"[0.0893, 0.0690, 0, -0.0133, 0]","[1.0, 1.0, -1.0, -1.0, -1.0, -1.0, 1.0, -1.0]",220.99
2025-01-29,HEDGE (GOLD),0.3273404538631439,0.6369559168815613,928706.9017005158,"[-0.0410, 0.0701, 0, -0.0303, 0]","[1.0, -1.0, -1.0, -1.0, -1.0, -1.0, 1.0, -1.0]",220.99
2025-01-30,HEDGE (GOLD),0.09666988998651505,0.6714680194854736,930542.3971923839,"[0.0077, 0.0690, 0, -0.0290, 0]","[1.0, -1.0, -1.0, -1.0, -1.0, -1.0, 1.0, -1.0]",220.99
2025-01-31,STOCK (NVDA),-0.0063418312929570675,0.7443369626998901,904114.9186380303,"[-0.0367, 0.0696, 0, -0.0301, 0]","[1.0, -1.0, -1.0, -1.0, -1.0, -1.0, 1.0, -1.0]",238.65
2025-02-03,HEDGE (GOLD),0.2714684307575226,0.6706238985061646,913019.0194407656,"[-0.0284, 0.0684, 0, -0.0018, 0]","[-1.0, -1.0, -1.0, -1.0, -1.0, -1.0, 1.0, -1.0]",238.65
2025-02-04,HEDGE (GOLD),0.4412795603275299,0.6777873039245605,918688.4497637717,"[0.0171, 0.0681, 0, -0.0163, 0]","[1.0, -1.0, -1.0, -1.0, -1.0, -1.0, 1.0, -1.0]",238.65
2025-02-05,HEDGE (GOLD),0.4813600778579712,0.702928900718689,916253.6899204947,"[0.0521, 0.0689, 0, 0.0023, 0]","[-1.0, 1.0, -1.0, -1.0, -1.0, -1.0, 1.0, -1.0]",293.86
2025-02-06,HEDGE (GOLD),0.5011982321739197,0.7950839996337891,917888.4329820654,"[0.0308, 0.0702, 0, 0.0070, 0]","[-1.0, -1.0, -1.0, -1.0, -1.0, -1.0, 1.0, -1.0]",293.86
2025-02-07,HEDGE (GOLD),0.4325636327266693,0.7124836444854736,933435.8468160669,"[0.0090, 0.0701, 0, 0.0161, 0]","[-1.0, -1.0, -1.0, -1.0, -1.0, -1.0, 1.0, -1.0]",293.86
2025-02-10,HEDGE (GOLD),0.4646758437156677,0.6173051595687866,930027.3104097842,"[0.0287, 0.0409, 0, 0.0275, 0]","[-1.0, 1.0, -1.0, -1.0, -1.0, -1.0, 1.0, -1.0]",348.35
2025-02-11,HEDGE (GOLD),0.5827509760856628,0.5300077199935913,931001.1931180441,"[-0.0058, 0.0311, 0, 0.0230, 0]","[-1.0, -1.0, -1.0, -1.0, -1.0, -1.0, 1.0, 1.0]",348.35
2025-02-12,HEDGE (GOLD),0.6138731241226196,0.6052027940750122,940183.5006323161,"[-0.0125, 0.0277, 0, 0.0101, 0]","[-1.0, -1.0, -1.0, -1.0, -1.0, -1.0, 1.0, 1.0]",348.35
2025-02-13,HEDGE (GOLD),0.6397298574447632,0.5307941436767578,926201.3047183148,"[0.0316, 0.0288, 0, 0.0102, 0]","[-1.0, 1.0, -1.0, -1.0, -1.0, -1.0, 1.0, -1.0]",415.33
2025-02-14,HEDGE (GOLD),0.6957485675811768,0.7392599582672119,941540.0369823502,"[0.0263, 0.0243, 0, 0.0137, 0]","[-1.0, 1.0, -1.0, -1.0, -1.0, -1.0, 1.0, -1.0]",415.33
2025-02-18,HEDGE (GOLD),0.6661485433578491,0.642737865447998,942061.7409072653,"[0.0040, 0.0196, 0, 0.0087, 0]","[-1.0, -1.0, -1.0, -1.0, -1.0, -1.0, 1.0, 1.0]",415.33
2025-02-19,HEDGE (GOLD),0.7063417434692383,0.6893990635871887,942548.6291887683,"[-0.0012, 0.0206, 0, 0.0096, 0]","[-1.0, -1.0, -1.0, -1.0, -1.0, -1.0, 1.0, 1.0]",415.33
2025-02-20,HEDGE (GOLD),0.6122811436653137,0.6346926689147949,941679.0872654915,"[0.0063, 0.0164, 0, 0.0134, 0]","[-1.0, -1.0, -1.0, -1.0, -1.0, -1.0, 1.0, 1.0]",480.50
2025-02-21,HEDGE (GOLD),0.34481650590896606,0.10389284789562225,946791.9980201699,"[-0.0405, 0.0218, 0, -0.0010, 0]","[-1.0, -1.0, 1.0, -1.0, -1.0, -1.0, -1.0, 1.0]",480.50
2025-02-24,HEDGE (GOLD),0.500934898853302,0.43496912717819214,934305.3887393438,"[-0.0309, 0.0244, 0, -0.0125, 0]","[1.0, -1.0, -1.0, -1.0, -1.0, -1.0, 1.0, 1.0]",523.70
2025-02-25,HEDGE (GOLD),0.5517165064811707,0.6228771209716797,935731.4502309486,"[-0.0280, 0.0237, 0, -0.0189, 0]","[1.0, -1.0, -1.0, -1.0, -1.0, -1.0, 1.0, -1.0]",523.70
2025-02-26,HEDGE (GOLD),0.3095149099826813,0.2541492283344269,921470.9414601563,"[0.0367, 0.0271, 0, -0.0113, 0]","[1.0, 1.0, -1.0, -1.0, -1.0, -1.0, 1.0, -1.0]",561.41
2025-02-27,HEDGE (GOLD),0.4840468764305115,0.3761143386363983,915697.1703521671,"[-0.0848, 0.0380, 0, -0.0295, 0]","[1.0, -1.0, 1.0, -1.0, -1.0, -1.0, -1.0, 1.0]",598.40
2025-02-28,HEDGE (GOLD),0.4922546148300171,0.21840235590934753,927766.416493061,"[0.0397, 0.0390, 0, -0.0134, 0]","[1.0, 1.0, -1.0, -1.0, -1.0, -1.0, 1.0, -1.0]",598.40
2025-03-03,HEDGE (GOLD),0.605021595954895,0.4340173006057739,935835.7910159319,"[-0.0869, 0.0443, 0, -0.0247, 0]","[1.0, -1.0, 1.0, -1.0, -1.0, -1.0, -1.0, 1.0]",598.40
2025-03-04,HEDGE (GOLD),0.4877185821533203,0.2933732569217682,937783.5564324519,"[0.0169, 0.0452, 0, -0.0157, 0]","[1.0, -1.0, -1.0, -1.0, -1.0, -1.0, 1.0, -1.0]",598.40
2025-03-05,HEDGE (GOLD),0.679355263710022,0.7023134231567383,933018.4836761352,"[0.0113, 0.0459, 0, -0.0208, 0]","[1.0, -1.0, -1.0, -1.0, -1.0, -1.0, 1.0, -1.0]",656.26
2025-03-06,HEDGE (GOLD),0.521895706653595,0.35886824131011963,933505.4781028923,"[-0.0574, 0.0468, 0, -0.0153, 0]","[-1.0, -1.0, -1.0, -1.0, -1.0, -1.0, 1.0, 1.0]",656.26
2025-03-07,HEDGE (GOLD),0.7236874103546143,0.6622997522354126,925331.7627950384,"[0.0192, 0.0481, 0, -0.0194, 0]","[1.0, -1.0, -1.0, -1.0, -1.0, -1.0, 1.0, -1.0]",716.85
2025-03-10,HEDGE (GOLD),0.6032528877258301,0.4358341097831726,936183.6290142935,"[-0.0507, 0.0491, 0, -0.0121, 0]","[-1.0, -1.0, -1.0, -1.0, -1.0, -1.0, 1.0, 1.0]",716.85
2025-03-11,HEDGE (GOLD),0.76518714427948,0.6853784918785095,940253.0257738872,"[0.0166, 0.0502, 0, -0.0122, 0]","[1.0, -1.0, -1.0, -1.0, -1.0, -1.0, 1.0, -1.0]",716.85
2025-03-12,HEDGE (GOLD),0.5948519706726074,0.6526045799255371,956948.2943879566,"[0.0643, 0.0539, 0, -0.0016, 0]","[-1.0, 1.0, -1.0, -1.0, -1.0, -1.0, 1.0, -1.0]",716.85
2025-03-13,HEDGE (GOLD),0.663620114326477,0.7266095876693726,957330.8418844764,"[-0.0014, 0.0473, 0, 0.0096, 0]","[-1.0, -1.0, -1.0, -1.0, -1.0, -1.0, 1.0, -1.0]",716.85
2025-03-14,HEDGE (GOLD),0.678126335144043,0.698595404624939,962513.3839259797,"[0.0527, 0.0487, 0, 0.0163, 0]","[-1.0, 1.0, -1.0, -1.0, -1.0, -1.0, 1.0, -1.0]",716.85
2025-03-17,HEDGE (GOLD),0.681046724319458,0.4970841407775879,973747.7976417548,"[-0.0176, 0.0392, 0, 0.0229, 0]","[-1.0, -1.0, -1.0, -1.0, -1.0, -1.0, 1.0, 1.0]",716.85
2025-03-18,HEDGE (GOLD),0.7043749094009399,0.5817365050315857,977747.6692597778,"[-0.0343, 0.0409, 0, 0.0127, 0]","[-1.0, -1.0, -1.0, -1.0, -1.0, -1.0, 1.0, 1.0]",716.85
2025-03-19,HEDGE (GOLD),0.6670288443565369,0.43899887800216675,976495.579839981,"[0.0181, 0.0411, 0, 0.0035, 0]","[-1.0, -1.0, -1.0, -1.0, -1.0, -1.0, 1.0, -1.0]",783.23
2025-03-20,HEDGE (GOLD),0.7948436141014099,0.7134646773338318,968634.8868870764,"[0.0086, 0.0357, 0, 0.0055, 0]","[-1.0, -1.0, -1.0, -1.0, -1.0, -1.0, 1.0, -1.0]",853.39
2025-03-21,HEDGE (GOLD),0.6660839915275574,0.6303186416625977,964321.9929141044,"[-0.0070, 0.0357, 0, -0.0064, 0]","[-1.0, -1.0, -1.0, -1.0, -1.0, -1.0, 1.0, -1.0]",923.00
2025-03-24,HEDGE (GOLD),0.6908023953437805,0.7415849566459656,968565.3617455058,"[0.0315, 0.0305, 0, 0.0034, 0]","[-1.0, 1.0, -1.0, -1.0, -1.0, -1.0, 1.0, -1.0]",923.00
2025-03-25,HEDGE (GOLD),0.7670882940292358,0.6699020266532898,967765.3449637996,"[-0.0059, 0.0311, 0, 0.0091, 0]","[-1.0, -1.0, -1.0, -1.0, -1.0, -1.0, 1.0, 1.0]",994.70
2025-03-26,HEDGE (GOLD),0.4613689184188843,0.17060114443302155,980738.9486713826,"[-0.0574, 0.0317, 0, -0.0060, 0]","[-1.0, -1.0, 1.0, -1.0, -1.0, -1.0, -1.0, 1.0]",994.70
2025-03-27,HEDGE (GOLD),0.6322000622749329,0.4957030117511749,988008.3064125472,"[-0.0205, 0.0322, 0, -0.0119, 0]","[1.0, -1.0, -1.0, -1.0, -1.0, -1.0, 1.0, -1.0]",994.70
2025-03-28,HEDGE (GOLD),0.6749007701873779,0.6877993941307068,1002199.2900417689,"[-0.0158, 0.0257, 0, -0.0136, 0]","[1.0, -1.0, -1.0, -1.0, -1.0, -1.0, 1.0, -1.0]",994.70
2025-03-31,HEDGE (GOLD),0.627257227897644,0.691375732421875,1000216.7089818367,"[-0.0118, 0.0255, 0, -0.0223, 0]","[1.0, -1.0, -1.0, -1.0, -1.0, -1.0, 1.0, -1.0]",1058.96
2025-04-01,HEDGE (GOLD),0.6209985017776489,0.5926536321640015,1002268.8151833398,"[0.0163, 0.0251, 0, -0.0178, 0]","[1.0, 1.0, -1.0, -1.0, -1.0, -1.0, 1.0, -1.0]",1058.96
2025-04-02,HEDGE (GOLD),0.6937185525894165,0.7321305871009827,996216.8373638138,"[0.0025, 0.0240, 0, -0.0059, 0]","[1.0, -1.0, -1.0, -1.0, -1.0, -1.0, 1.0, -1.0]",1120.76
2025-04-03,HEDGE (GOLD),0.3829520046710968,0.11290047317743301,972913.0713618906,"[-0.0781, 0.0323, 0, -0.0174, 0]","[-1.0, -1.0, 1.0, -1.0, -1.0, -1.0, -1.0, 1.0]",1161.47
2025-04-04,HEDGE (GOLD),0.7512151598930359,0.5412940382957458,952009.2495598322,"[-0.0736, 0.0371, 0, -0.0289, 0]","[1.0, -1.0, 1.0, -1.0, -1.0, -1.0, 1.0, 1.0]",1221.97
2025-04-07,HEDGE (GOLD),0.3705071210861206,0.14403274655342102,957191.7916013355,"[0.0353, 0.0377, 0, -0.0195, 0]","[1.0, 1.0, -1.0, -1.0, -1.0, -1.0, 1.0, -1.0]",1221.97
2025-04-08,HEDGE (GOLD),0.8360849618911743,0.6612999439239502,992599.5132423107,"[-0.0137, 0.0374, 0, -0.0255, 0]","[1.0, -1.0, -1.0, -1.0, -1.0, -1.0, 1.0, -1.0]",1221.97
2025-04-09,HEDGE (GOLD),0.1977936327457428,0.30718618631362915,1016842.3463090814,"[0.1872, 0.0738, 0, 0.0114, 0]","[-1.0, 1.0, -1.0, -1.0, -1.0, -1.0, 1.0, -1.0]",1221.97
2025-04-10,HEDGE (GOLD),0.5555996894836426,0.476788729429245,1036250.4753327104,"[-0.0591, 0.0761, 0, 0.0152, 0]","[-1.0, -1.0, -1.0, -1.0, -1.0, -1.0, 1.0, 1.0]",1221.97
2025-04-11,HEDGE (GOLD),0.7138327956199646,0.5186825394630432,1030337.6539415801,"[0.0312, 0.0766, 0, 0.0362, 0]","[-1.0, -1.0, -1.0, -1.0, -1.0, -1.0, 1.0, -1.0]",1288.66
2025-04-14,HEDGE (GOLD),0.8452705144882202,0.7206843495368958,1035728.7714077953,"[-0.0020, 0.0764, 0, 0.0287, 0]","[-1.0, -1.0, -1.0, -1.0, -1.0, -1.0, 1.0, 1.0]",1288.66
2025-04-15,HEDGE (GOLD),0.7694002985954285,0.7091620564460754,1069432.224845629,"[0.0135, 0.0764, 0, 0.0342, 0]","[-1.0, -1.0, -1.0, -1.0, -1.0, -1.0, 1.0, 1.0]",1288.66
2025-04-16,HEDGE (GOLD),0.6047261953353882,0.4192148745059967,1064736.6772308827,"[-0.0687, 0.0798, 0, -0.0170, 0]","[-1.0, -1.0, -1.0, -1.0, -1.0, -1.0, 1.0, 1.0]",1349.96
2025-04-17,HEDGE (GOLD),0.8096286654472351,0.665307343006134,1097674.9295304227,"[-0.0287, 0.0761, 0, -0.0109, 0]","[-1.0, -1.0, -1.0, -1.0, -1.0, -1.0, 1.0, -1.0]",1349.96
2025-04-21,HEDGE (GOLD),0.6931423544883728,0.6639986634254456,1082092.7000530087,"[-0.0451, 0.0734, 0, -0.0262, 0]","[1.0, -1.0, -1.0, -1.0, -1.0, -1.0, 1.0, -1.0]",1420.67
2025-04-22,HEDGE (GOLD),0.7679064273834229,0.6750296354293823,1056145.5987830968,"[0.0204, 0.0729, 0, -0.0217, 0]","[1.0, -1.0, -1.0, -1.0, -1.0, -1.0, 1.0, -1.0]",1495.64
2025-04-23,HEDGE (GOLD),0.8073630332946777,0.7712698578834534,1071519.1466905447,"[0.0386, 0.0734, 0, -0.0167, 0]","[1.0, 1.0, -1.0, -1.0, -1.0, -1.0, 1.0, -1.0]",1495.64
2025-04-24,HEDGE (GOLD),0.6339083313941956,0.6983564496040344,1059902.0793329955,"[0.0362, 0.0409, 0, 0.0043, 0]","[-1.0, 1.0, -1.0, -1.0, -1.0, -1.0, 1.0, -1.0]",1558.65
2025-04-25,HEDGE (GOLD),0.6152470111846924,0.691701352596283,1074997.3143836523,"[0.0430, 0.0390, 0, 0.0186, 0]","[-1.0, 1.0, -1.0, -1.0, -1.0, -1.0, 1.0, -1.0]",1558.65
2025-04-28,HEDGE (GOLD),0.5812452435493469,0.4257502555847168,1064527.995660917,"[-0.0205, 0.0384, 0, 0.0236, 0]","[-1.0, -1.0, -1.0, -1.0, -1.0, -1.0, 1.0, 1.0]",1616.09
2025-04-29,HEDGE (GOLD),0.8783295154571533,0.7333611845970154,1056562.9619230293,"[0.0027, 0.0384, 0, 0.0200, 0]","[-1.0, -1.0, -1.0, -1.0, -1.0, -1.0, 1.0, 1.0]",1687.95
2025-04-30,HEDGE (GOLD),0.7509284019470215,0.6818770170211792,1034615.7322711403,"[-0.0009, 0.0381, 0, 0.0121, 0]","[-1.0, -1.0, -1.0, -1.0, -1.0, -1.0, 1.0, 1.0]",1764.21
2025-05-01,HEDGE (GOLD),0.7311340570449829,0.6340939998626709,1036424.4474045191,"[0.0247, 0.0307, 0, 0.0098, 0]","[-1.0, 1.0, -1.0, -1.0, -1.0, -1.0, 1.0, -1.0]",1764.21
2025-05-02,HEDGE (GOLD),0.7891079187393188,0.7903520464897156,1067380.1186441265,"[0.0259, 0.0284, 0, 0.0064, 0]","[-1.0, 1.0, -1.0, -1.0, -1.0, -1.0, 1.0, -1.0]",1764.21
2025-05-05,HEDGE (GOLD),0.7058714628219604,0.5419588088989258,1097292.3820339034,"[-0.0059, 0.0214, 0, 0.0093, 0]","[-1.0, -1.0, -1.0, -1.0, -1.0, -1.0, 1.0, 1.0]",1764.21
2025-05-06,HEDGE (GOLD),0.8873709440231323,0.7533564567565918,1080840.6106332126,"[-0.0025, 0.0221, 0, 0.0083, 0]","[-1.0, -1.0, -1.0, -1.0, -1.0, -1.0, 1.0, 1.0]",1840.00
2025-05-07,HEDGE (GOLD),0.5428317189216614,0.5139263868331909,1059554.2413346344,"[0.0310, 0.0213, 0, 0.0146, 0]","[-1.0, 1.0, -1.0, -1.0, -1.0, -1.0, 1.0, -1.0]",1896.13
2025-05-08,HEDGE (GOLD),0.8235458731651306,0.7535401582717896,1067240.962215731,"[0.0026, 0.0199, 0, 0.0102, 0]","[-1.0, -1.0, -1.0, -1.0, -1.0, -1.0, 1.0, 1.0]",1896.13
2025-05-09,HEDGE (GOLD),0.7629830241203308,0.6063839197158813,1037154.8328994004,"[-0.0061, 0.0167, 0, 0.0038, 0]","[-1.0, -1.0, -1.0, -1.0, -1.0, -1.0, 1.0, 1.0]",1973.40
2025-05-12,HEDGE (GOLD),0.37292829155921936,0.43444138765335083,1041572.0676573555,"[0.0544, 0.0203, 0, 0.0159, 0]","[-1.0, 1.0, -1.0, -1.0, -1.0, -1.0, 1.0, -1.0]",1973.40
2025-05-13,HEDGE (GOLD),0.6570193767547607,0.6869267225265503,1019659.6536488788,"[0.0563, 0.0241, 0, 0.0277, 0]","[-1.0, 1.0, -1.0, 1.0, -1.0, -1.0, 1.0, -1.0]",2028.47
2025-05-14,HEDGE (GOLD),0.7051757574081421,0.6834723949432373,1035937.4529777617,"[0.0416, 0.0242, 0, 0.0298, 0]","[-1.0, 1.0, -1.0, 1.0, -1.0, -1.0, 1.0, -1.0]",2028.47
2025-05-15,HEDGE (GOLD),0.46803778409957886,0.3902556300163269,1023416.0280535234,"[-0.0038, 0.0255, 0, 0.0285, 0]","[-1.0, -1.0, -1.0, -1.0, -1.0, -1.0, 1.0, 1.0]",2075.78
2025-05-16,HEDGE (GOLD),0.8002018332481384,0.6895451545715332,1036598.3133310726,"[0.0042, 0.0258, 0, 0.0306, 0]","[-1.0, -1.0, -1.0, 1.0, -1.0, -1.0, 1.0, 1.0]",2075.78
2025-05-19,HEDGE (GOLD),0.7180798053741455,0.6359833478927612,1055902.1015697184,"[0.0013, 0.0252, 0, 0.0199, 0]","[-1.0, -1.0, -1.0, -1.0, -1.0, -1.0, 1.0, 1.0]",2075.78
2025-05-20,HEDGE (GOLD),0.6812660694122314,0.504358172416687,1063693.2693810526,"[-0.0088, 0.0258, 0, 0.0069, 0]","[-1.0, -1.0, -1.0, -1.0, -1.0, -1.0, 1.0, 1.0]",2075.78
2025-05-21,HEDGE (GOLD),0.6313949823379517,0.5093104839324951,1054267.3585081475,"[-0.0192, 0.0277, 0, -0.0053, 0]","[-1.0, -1.0, -1.0, -1.0, -1.0, -1.0, 1.0, -1.0]",2134.57
2025-05-22,HEDGE (GOLD),0.7859097719192505,0.6134520173072815,1077362.4429401045,"[0.0078, 0.0275, 0, -0.0029, 0]","[-1.0, -1.0, -1.0, -1.0, -1.0, -1.0, 1.0, -1.0]",2134.57
2025-05-23,HEDGE (GOLD),0.8130306601524353,0.7150496244430542,1059102.0625512893,"[-0.0116, 0.0280, 0, -0.0061, 0]","[-1.0, -1.0, -1.0, -1.0, -1.0, -1.0, 1.0, -1.0]",2209.35
2025-05-27,HEDGE (GOLD),0.5709373950958252,0.605212390422821,1056702.1183514248,"[0.0321, 0.0250, 0, 0.0001, 0]","[-1.0, 1.0, -1.0, -1.0, -1.0, -1.0, 1.0, -1.0]",2265.91
2025-05-28,HEDGE (GOLD),0.8306244611740112,0.796120822429657,1062962.777740917,"[-0.0051, 0.0192, 0, 0.0008, 0]","[-1.0, -1.0, -1.0, -1.0, -1.0, -1.0, 1.0, -1.0]",2265.91
2025-05-29,HEDGE (GOLD),0.44899311661720276,0.4628283381462097,1055971.7328565435,"[0.0325, 0.0173, 0, 0.0111, 0]","[-1.0, 1.0, -1.0, -1.0, -1.0, -1.0, 1.0, -1.0]",2311.66
2025-05-30,HEDGE (GOLD),0.43626242876052856,0.19973549246788025,1084040.5716147837,"[-0.0292, 0.0201, 0, 0.0037, 0]","[-1.0, -1.0, 1.0, -1.0, -1.0, -1.0, 1.0, 1.0]",2311.66
2025-06-02,HEDGE (GOLD),0.6670120358467102,0.39163410663604736,1074440.7948153252,"[0.0167, 0.0207, 0, 0.0094, 0]","[-1.0, 1.0, -1.0, -1.0, -1.0, -1.0, 1.0, -1.0]",2370.56
2025-06-03,HEDGE (GOLD),0.771663248538971,0.7796845436096191,1081362.314558128,"[0.0280, 0.0223, 0, 0.0086, 0]","[-1.0, 1.0, -1.0, -1.0, -1.0, -1.0, 1.0, -1.0]",2370.56
2025-06-04,HEDGE (GOLD),0.7115823030471802,0.6656468510627747,1075901.5658050878,"[0.0050, 0.0218, 0, 0.0106, 0]","[-1.0, -1.0, -1.0, -1.0, -1.0, -1.0, 1.0, 1.0]",2439.96
2025-06-05,HEDGE (GOLD),0.726651668548584,0.4902406930923462,1061467.1911077418,"[-0.0136, 0.0212, 0, 0.0014, 0]","[-1.0, -1.0, -1.0, -1.0, -1.0, -1.0, 1.0, 1.0]",2508.29
2025-06-06,HEDGE (GOLD),0.8549247980117798,0.6457805037498474,1066475.7610774373,"[0.0124, 0.0213, 0, 0.0097, 0]","[-1.0, 1.0, -1.0, -1.0, -1.0, -1.0, 1.0, -1.0]",2508.29
2025-06-09,HEDGE (GOLD),0.8107309341430664,0.7431988716125488,1066788.7834323863,"[0.0064, 0.0203, 0, 0.0076, 0]","[-1.0, -1.0, -1.0, -1.0, -1.0, -1.0, 1.0, -1.0]",2508.29
2025-06-10,HEDGE (GOLD),0.7651893496513367,0.6959893703460693,1072562.5545403757,"[0.0093, 0.0185, 0, 0.0039, 0]","[-1.0, 1.0, -1.0, -1.0, -1.0, -1.0, 1.0, -1.0]",2508.29
2025-06-11,HEDGE (GOLD),0.7933594584465027,0.5718833208084106,1085883.9962463207,"[-0.0078, 0.0187, 0, 0.0013, 0]","[-1.0, -1.0, -1.0, -1.0, -1.0, -1.0, 1.0, 1.0]",2508.29
2025-06-12,HEDGE (GOLD),0.7969591021537781,0.6637736558914185,1100109.6893737006,"[0.0152, 0.0167, 0, 0.0071, 0]","[-1.0, 1.0, -1.0, -1.0, -1.0, -1.0, 1.0, -1.0]",2508.29
2025-06-13,HEDGE (GOLD),0.5115257501602173,0.18843555450439453,1084423.1191113035,"[-0.0209, 0.0150, 0, 0.0005, 0]","[-1.0, -1.0, 1.0, -1.0, -1.0, -1.0, 1.0, 1.0]",2557.01
2025-06-16,HEDGE (GOLD),0.6195374727249146,0.549494743347168,1084979.6386796313,"[0.0192, 0.0152, 0, 0.0030, 0]","[-1.0, 1.0, -1.0, -1.0, -1.0, -1.0, 1.0, -1.0]",2557.01
2025-06-17,HEDGE (GOLD),0.7831765413284302,0.6549164652824402,1079136.3424300717,"[-0.0039, 0.0131, 0, 0.0003, 0]","[-1.0, -1.0, -1.0, -1.0, -1.0, -1.0, 1.0, -1.0]",2627.82
2025-06-18,HEDGE (GOLD),0.8348709344863892,0.6973532438278198,1078684.163646727,"[0.0094, 0.0133, 0, 0.0038, 0]","[-1.0, 1.0, -1.0, -1.0, -1.0, -1.0, 1.0, -1.0]",2703.65
2025-06-20,HEDGE (GOLD),0.6809969544410706,0.40912315249443054,1081988.3592680267,"[-0.0112, 0.0130, 0, -0.0015, 0]","[-1.0, -1.0, -1.0, -1.0, -1.0, -1.0, 1.0, 1.0]",2703.65
2025-06-23,HEDGE (GOLD),0.8532759547233582,0.6973006725311279,1064980.1744442624,"[0.0022, 0.0126, 0, 0.0031, 0]","[-1.0, -1.0, -1.0, -1.0, -1.0, -1.0, 1.0, -1.0]",2774.34
2025-06-24,HEDGE (GOLD),0.5097861886024475,0.6127777695655823,1068214.8449239915,"[0.0259, 0.0147, 0, 0.0045, 0]","[-1.0, 1.0, -1.0, -1.0, -1.0, -1.0, 1.0, -1.0]",2774.34
2025-06-25,HEDGE (GOLD),0.628541111946106,0.6831245422363281,1067032.2806457654,"[0.0433, 0.0193, 0, 0.0139, 0]","[-1.0, 1.0, -1.0, -1.0, -1.0, -1.0, 1.0, -1.0]",2828.78
2025-06-26,HEDGE (GOLD),0.5001212954521179,0.5374051928520203,1047693.676763707,"[0.0046, 0.0187, 0, 0.0130, 0]","[-1.0, -1.0, -1.0, -1.0, -1.0, -1.0, 1.0, 1.0]",2878.90
2025-06-27,HEDGE (GOLD),0.7282339334487915,0.714326798915863,1060249.8111861036,"[0.0176, 0.0188, 0, 0.0187, 0]","[-1.0, 1.0, -1.0, -1.0, -1.0, -1.0, 1.0, 1.0]",2878.90
2025-06-30,HEDGE (GOLD),0.6639761328697205,0.5379034280776978,1069710.4315571666,"[0.0015, 0.0160, 0, 0.0186, 0]","[-1.0, -1.0, -1.0, 1.0, -1.0, -1.0, 1.0, 1.0]",2878.90
2025-07-01,HEDGE (GOLD),0.45348459482192993,0.1965777575969696,1075623.3590935515,"[-0.0297, 0.0201, 0, 0.0075, 0]","[-1.0, -1.0, 1.0, -1.0, -1.0, -1.0, -1.0, 1.0]",2878.90
2025-07-02,HEDGE (GOLD),0.5300614833831787,0.3678591251373291,1068284.4762108165,"[0.0258, 0.0207, 0, 0.0040, 0]","[-1.0, 1.0, -1.0, -1.0, -1.0, -1.0, 1.0, -1.0]",2922.85
2025-07-03,HEDGE (GOLD),0.795342206954956,0.7443464994430542,1069084.3868472686,"[0.0133, 0.0207, 0, 0.0057, 0]","[-1.0, 1.0, -1.0, -1.0, -1.0, -1.0, 1.0, -1.0]",2922.85
2025-07-07,HEDGE (GOLD),0.7688601016998291,0.5422802567481995,1057919.4982730641,"[-0.0069, 0.0203, 0, 0.0008, 0]","[-1.0, -1.0, -1.0, -1.0, -1.0, -1.0, 1.0, -1.0]",2999.97
2025-07-08,HEDGE (GOLD),0.9076622128486633,0.7749121785163879,1062649.7553859686,"[0.0111, 0.0201, 0, 0.0027, 0]","[-1.0, 1.0, -1.0, -1.0, -1.0, -1.0, 1.0, -1.0]",2999.97
2025-07-09,HEDGE (GOLD),0.6675815582275391,0.6417329907417297,1065014.990087675,"[0.0180, 0.0196, 0, 0.0123, 0]","[-1.0, 1.0, -1.0, -1.0, -1.0, -1.0, 1.0, -1.0]",2999.97
2025-07-10,HEDGE (GOLD),0.7678805589675903,0.7094519138336182,1075240.8115970318,"[0.0075, 0.0157, 0, 0.0086, 0]","[-1.0, -1.0, -1.0, -1.0, -1.0, -1.0, 1.0, -1.0]",2999.97
2025-07-11,HEDGE (GOLD),0.7759560346603394,0.7204636335372925,1071310.4651205796,"[0.0050, 0.0157, 0, 0.0069, 0]","[-1.0, -1.0, -1.0, -1.0, -1.0, -1.0, 1.0, -1.0]",3076.75
2025-07-14,HEDGE (GOLD),0.7931488156318665,0.5591689944267273,1066858.4147192119,"[-0.0052, 0.0155, 0, 0.0073, 0]","[-1.0, -1.0, -1.0, -1.0, -1.0, -1.0, 1.0, 1.0]",3155.08
2025-07-15,HEDGE (GOLD),0.5507493019104004,0.512601375579834,1072180.0070438564,"[0.0404, 0.0192, 0, 0.0131, 0]","[-1.0, 1.0, -1.0, -1.0, -1.0, -1.0, 1.0, -1.0]",3155.08
2025-07-16,HEDGE (GOLD),0.717652440071106,0.6692013740539551,1069849.5879855624,"[0.0039, 0.0142, 0, 0.0103, 0]","[-1.0, -1.0, -1.0, -1.0, -1.0, -1.0, 1.0, 1.0]",3217.79
2025-07-17,HEDGE (GOLD),0.7583319544792175,0.6702006459236145,1072632.185827201,"[0.0095, 0.0133, 0, 0.0107, 0]","[-1.0, 1.0, -1.0, -1.0, -1.0, -1.0, 1.0, 1.0]",3217.79
2025-07-18,HEDGE (GOLD),0.7733960151672363,0.5640119314193726,1089118.66672605,"[-0.0034, 0.0138, 0, 0.0091, 0]","[-1.0, -1.0, -1.0, -1.0, -1.0, -1.0, 1.0, 1.0]",3217.79
2025-07-21,HEDGE (GOLD),0.8178494572639465,0.6616455316543579,1099448.82902039,"[-0.0060, 0.0137, 0, 0.0089, 0]","[-1.0, -1.0, -1.0, -1.0, -1.0, -1.0, 1.0, 1.0]",3217.79
2025-07-22,HEDGE (GOLD),0.37483328580856323,0.2572483420372009,1085814.364959496,"[-0.0254, 0.0172, 0, -0.0043, 0]","[-1.0, -1.0, 1.0, -1.0, -1.0, -1.0, 1.0, 1.0]",3255.67
2025-07-23,HEDGE (GOLD),0.48453488945961,0.31750810146331787,1079171.0519282299,"[0.0225, 0.0176, 0, -0.0006, 0]","[-1.0, 1.0, -1.0, -1.0, -1.0, -1.0, 1.0, -1.0]",3297.81
2025-07-24,HEDGE (GOLD),0.8775080442428589,0.7935869693756104,1069188.7276322513,"[0.0173, 0.0181, 0, 0.0010, 0]","[-1.0, 1.0, -1.0, -1.0, -1.0, -1.0, 1.0, -1.0]",3367.39
2025-07-25,HEDGE (GOLD),0.7175960540771484,0.6835386753082275,1062267.2078894484,"[-0.0014, 0.0182, 0, 0.0014, 0]","[-1.0, -1.0, -1.0, -1.0, -1.0, -1.0, 1.0, -1.0]",3439.75
2025-07-28,HEDGE (GOLD),0.8198205232620239,0.7768692374229431,1065188.8560142282,"[0.0187, 0.0183, 0, 0.0064, 0]","[-1.0, 1.0, -1.0, -1.0, -1.0, -1.0, 1.0, -1.0]",3439.75
2025-07-29,HEDGE (GOLD),0.6741881966590881,0.41718876361846924,1046789.3191970175,"[-0.0070, 0.0146, 0, 0.0100, 0]","[-1.0, -1.0, -1.0, -1.0, -1.0, -1.0, 1.0, 1.0]",3506.57
2025-07-30,HEDGE (GOLD),0.771803617477417,0.6322801113128662,1053745.654583233,"[0.0214, 0.0158, 0, 0.0098, 0]","[-1.0, 1.0, -1.0, -1.0, -1.0, -1.0, 1.0, -1.0]",3506.57
2025-07-31,HEDGE (GOLD),0.7051119804382324,0.46446114778518677,1075136.3646667944,"[-0.0078, 0.0161, 0, 0.0048, 0]","[-1.0, -1.0, -1.0, -1.0, -1.0, -1.0, 1.0, 1.0]",3506.57
2025-08-01,HEDGE (GOLD),0.6221805810928345,0.4121530055999756,1081397.130201541,"[-0.0233, 0.0181, 0, 0.0004, 0]","[-1.0, -1.0, 1.0, -1.0, -1.0, -1.0, 1.0, 1.0]",3506.57
2025-08-04,HEDGE (GOLD),0.4541114568710327,0.29854080080986023,1082266.672124818,"[0.0362, 0.0210, 0, 0.0039, 0]","[-1.0, 1.0, -1.0, -1.0, -1.0, -1.0, 1.0, -1.0]",3506.57
2025-08-05,HEDGE (GOLD),0.8581792116165161,0.7655020356178284,1079971.0687099365,"[-0.0097, 0.0189, 0, 0.0034, 0]","[-1.0, -1.0, -1.0, -1.0, -1.0, -1.0, 1.0, 1.0]",3569.93
2025-08-06,HEDGE (GOLD),0.7665302157402039,0.5394027233123779,1089083.851082638,"[0.0065, 0.0181, 0, 0.0004, 0]","[-1.0, -1.0, -1.0, -1.0, -1.0, -1.0, 1.0, -1.0]",3569.93
2025-08-07,HEDGE (GOLD),0.8742400407791138,0.7137585878372192,1088840.3538692594,"[0.0075, 0.0176, 0, 0.0034, 0]","[-1.0, -1.0, -1.0, -1.0, -1.0, -1.0, 1.0, -1.0]",3646.45
2025-08-08,HEDGE (GOLD),0.7324759364128113,0.6358676552772522,1073188.5992502747,"[0.0107, 0.0176, 0, 0.0102, 0]","[-1.0, 1.0, -1.0, -1.0, -1.0, -1.0, 1.0, -1.0]",3719.14
2025-08-11,HEDGE (GOLD),0.8281196355819702,0.6108274459838867,1072214.7165420146,"[-0.0035, 0.0171, 0, 0.0023, 0]","[-1.0, -1.0, -1.0, -1.0, -1.0, -1.0, 1.0, -1.0]",3798.25
2025-08-12,HEDGE (GOLD),0.8596956133842468,0.7304708361625671,1075484.2026651562,"[0.0060, 0.0168, 0, 0.0054, 0]","[-1.0, -1.0, -1.0, -1.0, -1.0, -1.0, 1.0, -1.0]",3798.25
2025-08-13,HEDGE (GOLD),0.7607297897338867,0.5235590934753418,1068667.0237073363,"[-0.0086, 0.0161, 0, 0.0024, 0]","[-1.0, -1.0, -1.0, -1.0, -1.0, -1.0, 1.0, 1.0]",3874.12
2025-08-14,HEDGE (GOLD),0.8781307935714722,0.7069517970085144,1069293.0684172348,"[0.0024, 0.0157, 0, 0.0014, 0]","[-1.0, -1.0, -1.0, -1.0, -1.0, -1.0, 1.0, -1.0]",3874.12
2025-08-15,HEDGE (GOLD),0.6662411689758301,0.5553139448165894,1067623.615857506,"[-0.0086, 0.0136, 0, -0.0025, 0]","[-1.0, -1.0, -1.0, -1.0, -1.0, -1.0, 1.0, -1.0]",3940.83
2025-08-18,HEDGE (GOLD),0.7130476832389832,0.6953700184822083,1061780.2134626918,"[0.0086, 0.0080, 0, -0.0000, 0]","[-1.0, 1.0, -1.0, -1.0, -1.0, -1.0, 1.0, -1.0]",4003.90
2025-08-19,HEDGE (GOLD),0.2474784404039383,0.009319736622273922,1072527.7388969641,"[-0.0350, 0.0137, 0, -0.0082, 0]","[-1.0, -1.0, 1.0, -1.0, -1.0, -1.0, -1.0, 1.0]",4003.90
2025-08-20,HEDGE (GOLD),0.616412878036499,0.5195234417915344,1068806.1801357323,"[-0.0014, 0.0134, 0, -0.0068, 0]","[1.0, -1.0, -1.0, -1.0, -1.0, -1.0, 1.0, -1.0]",4051.26
2025-08-21,HEDGE (GOLD),0.7375444173812866,0.7451896667480469,1080249.2754214737,"[-0.0024, 0.0130, 0, -0.0077, 0]","[1.0, -1.0, -1.0, -1.0, -1.0, -1.0, 1.0, -1.0]",4051.26
2025-08-22,HEDGE (GOLD),0.57059246301651,0.5573734045028687,1077640.6496516431,"[0.0172, 0.0139, 0, -0.0026, 0]","[1.0, 1.0, -1.0, -1.0, -1.0, -1.0, 1.0, -1.0]",4108.30
2025-08-25,HEDGE (GOLD),0.8081835508346558,0.790382444858551,1085466.5269611354,"[0.0102, 0.0145, 0, -0.0023, 0]","[1.0, 1.0, -1.0, -1.0, -1.0, -1.0, 1.0, -1.0]",4108.30
2025-08-26,HEDGE (GOLD),0.6205275058746338,0.7029349207878113,1087657.789591034,"[0.0109, 0.0148, 0, 0.0069, 0]","[-1.0, 1.0, -1.0, -1.0, -1.0, -1.0, 1.0, -1.0]",4108.30
2025-08-27,HEDGE (GOLD),0.7950564026832581,0.6314948797225952,1095727.1641139048,"[-0.0009, 0.0146, 0, 0.0070, 0]","[-1.0, -1.0, -1.0, -1.0, -1.0, -1.0, 1.0, 1.0]",4108.30
2025-08-28,HEDGE (GOLD),0.8095546364784241,0.5788296461105347,1106300.8236216235,"[-0.0079, 0.0147, 0, 0.0059, 0]","[-1.0, -1.0, -1.0, -1.0, -1.0, -1.0, 1.0, 1.0]",4108.30
2025-08-29,HEDGE (GOLD),0.37531107664108276,0.24538809061050415,1132456.6064615017,"[-0.0332, 0.0179, 0, -0.0042, 0]","[-1.0, -1.0, 1.0, -1.0, -1.0, -1.0, -1.0, 1.0]",4108.30
2025-09-02,HEDGE (GOLD),0.5521772503852844,0.4641966223716736,1141325.997766079,"[-0.0195, 0.0180, 0, -0.0101, 0]","[1.0, -1.0, -1.0, -1.0, -1.0, -1.0, 1.0, -1.0]",4108.30
2025-09-03,HEDGE (GOLD),0.529986560344696,0.47687679529190063,1136282.612152971,"[-0.0009, 0.0149, 0, -0.0125, 0]","[1.0, -1.0, -1.0, -1.0, -1.0, -1.0, 1.0, -1.0]",4160.35
2025-09-04,HEDGE (GOLD),0.6860790252685547,0.6299600005149841,1151447.3723451986,"[0.0061, 0.0152, 0, -0.0111, 0]","[1.0, -1.0, -1.0, -1.0, -1.0, -1.0, 1.0, -1.0]",4160.35
2025-09-05,HEDGE (GOLD),0.4839884638786316,0.3809651732444763,1164560.1324811773,"[-0.0270, 0.0171, 0, -0.0149, 0]","[1.0, -1.0, -1.0, -1.0, -1.0, -1.0, 1.0, -1.0]",4160.35
2025-09-08,HEDGE (GOLD),0.6155892014503479,0.4999851584434509,1161916.6910679343,"[0.0077, 0.0160, 0, -0.0067, 0]","[1.0, 1.0, -1.0, -1.0, -1.0, -1.0, 1.0, -1.0]",4213.73
2025-09-09,HEDGE (GOLD),0.6647409796714783,0.6392428874969482,1166090.5347577652,"[0.0146, 0.0165, 0, 0.0001, 0]","[-1.0, 1.0, -1.0, -1.0, -1.0, -1.0, 1.0, -1.0]",4213.73
2025-09-10,HEDGE (GOLD),0.536937952041626,0.5896024703979492,1164351.4509112115,"[0.0385, 0.0211, 0, 0.0080, 0]","[-1.0, 1.0, -1.0, -1.0, -1.0, -1.0, 1.0, -1.0]",4264.23
2025-09-11,HEDGE (GOLD),0.6772816181182861,0.6342660784721375,1166647.054326093,"[-0.0008, 0.0211, 0, 0.0066, 0]","[-1.0, -1.0, -1.0, -1.0, -1.0, -1.0, 1.0, 1.0]",4264.23
2025-09-12,HEDGE (GOLD),0.8247135281562805,0.7381181716918945,1178785.8256085576,"[0.0037, 0.0211, 0, 0.0127, 0]","[-1.0, -1.0, -1.0, -1.0, -1.0, -1.0, 1.0, 1.0]",4264.23
2025-09-15,HEDGE (GOLD),0.7748675346374512,0.6762769222259521,1181150.9541650098,"[-0.0004, 0.0179, 0, 0.0111, 0]","[-1.0, -1.0, -1.0, -1.0, -1.0, -1.0, 1.0, 1.0]",4264.23
2025-09-16,HEDGE (GOLD),0.6334524154663086,0.4463050961494446,1172038.1717923083,"[-0.0161, 0.0174, 0, 0.0050, 0]","[-1.0, -1.0, -1.0, -1.0, -1.0, -1.0, 1.0, 1.0]",4326.70
2025-09-17,HEDGE (GOLD),0.5067708492279053,0.3541237711906433,1167342.6241775623,"[-0.0262, 0.0197, 0, -0.0080, 0]","[-1.0, -1.0, -1.0, -1.0, -1.0, -1.0, 1.0, 1.0]",4371.71
2025-09-18,HEDGE (GOLD),0.37634050846099854,0.23683661222457886,1179724.8926734054,"[0.0349, 0.0226, 0, -0.0008, 0]","[1.0, 1.0, -1.0, -1.0, -1.0, -1.0, 1.0, -1.0]",4371.71
2025-09-19,HEDGE (GOLD),0.8690517544746399,0.7819263339042664,1200141.7200487067,"[0.0024, 0.0200, 0, -0.0011, 0]","[-1.0, -1.0, -1.0, -1.0, -1.0, -1.0, 1.0, -1.0]",4371.71
2025-09-22,HEDGE (GOLD),0.5306692123413086,0.5835078954696655,1205045.9492334193,"[0.0393, 0.0227, 0, 0.0069, 0]","[-1.0, 1.0, -1.0, -1.0, -1.0, -1.0, 1.0, -1.0]",4371.71
2025-09-23,HEDGE (GOLD),0.5444504618644714,0.3107668161392212,1194124.5578725934,"[-0.0282, 0.0254, 0, 0.0044, 0]","[-1.0, -1.0, -1.0, -1.0, -1.0, -1.0, 1.0, 1.0]",4418.05
2025-09-24,HEDGE (GOLD),0.7975776791572571,0.6305063962936401,1199098.3121988764,"[-0.0082, 0.0226, 0, 0.0081, 0]","[-1.0, -1.0, -1.0, -1.0, -1.0, -1.0, 1.0, 1.0]",4418.05
2025-09-25,HEDGE (GOLD),0.7799981832504272,0.564526379108429,1206019.8319416791,"[0.0041, 0.0226, 0, 0.0019, 0]","[-1.0, -1.0, -1.0, -1.0, -1.0, -1.0, 1.0, -1.0]",4418.05
2025-09-26,HEDGE (GOLD),0.8511193990707397,0.7241455316543579,1225914.9553920652,"[0.0028, 0.0226, 0, 0.0020, 0]","[-1.0, -1.0, -1.0, -1.0, -1.0, -1.0, 1.0, -1.0]",4418.05
2025-09-29,HEDGE (GOLD),0.6900091171264648,0.7273569703102112,1236384.2741148008,"[0.0205, 0.0235, 0, -0.0018, 0]","[-1.0, 1.0, -1.0, -1.0, -1.0, -1.0, 1.0, -1.0]",4418.05
2025-09-30,HEDGE (GOLD),0.729242205619812,0.7363245487213135,1238332.0395313208,"[0.0260, 0.0235, 0, 0.0091, 0]","[-1.0, 1.0, -1.0, -1.0, -1.0, -1.0, 1.0, -1.0]",4418.05
2025-10-01,HEDGE (GOLD),0.7135495543479919,0.6539708375930786,1234019.1455583489,"[0.0035, 0.0206, 0, 0.0114, 0]","[-1.0, -1.0, -1.0, -1.0, -1.0, -1.0, 1.0, 1.0]",4487.48
2025-10-02,HEDGE (GOLD),0.8024690747261047,0.7506502270698547,1243931.9447127564,"[0.0088, 0.0186, 0, 0.0123, 0]","[-1.0, -1.0, -1.0, -1.0, -1.0, -1.0, 1.0, 1.0]",4487.48
2025-10-03,HEDGE (GOLD),0.7725147604942322,0.550809383392334,1267374.7609978209,"[-0.0067, 0.0191, 0, 0.0104, 0]","[-1.0, -1.0, -1.0, -1.0, -1.0, -1.0, 1.0, 1.0]",4487.48
2025-10-06,HEDGE (GOLD),0.7706007957458496,0.5835046768188477,1273913.733244104,"[-0.0111, 0.0157, 0, 0.0041, 0]","[-1.0, -1.0, -1.0, -1.0, -1.0, -1.0, 1.0, 1.0]",4487.48
2025-10-07,HEDGE (GOLD),0.6861615180969238,0.5333177447319031,1294921.7896858915,"[-0.0027, 0.0121, 0, -0.0016, 0]","[-1.0, -1.0, -1.0, -1.0, -1.0, -1.0, 1.0, -1.0]",4487.48
2025-10-08,HEDGE (GOLD),0.5495262145996094,0.48904842138290405,1271026.7946174825,"[0.0220, 0.0126, 0, 0.0021, 0]","[-1.0, 1.0, -1.0, -1.0, -1.0, -1.0, 1.0, -1.0]",4539.65
2025-10-09,HEDGE (GOLD),0.8372806906700134,0.8155791759490967,1283861.2418966703,"[0.0183, 0.0130, 0, 0.0040, 0]","[-1.0, 1.0, -1.0, -1.0, -1.0, -1.0, 1.0, -1.0]",4539.65
2025-10-10,HEDGE (GOLD),0.18880541622638702,-0.03884021192789078,1315060.4103496564,"[-0.0489, 0.0223, 0, -0.0045, 0]","[-1.0, -1.0, 1.0, -1.0, -1.0, -1.0, -1.0, 1.0]",4539.65
2025-10-13,HEDGE (GOLD),0.806493878364563,0.6104922294616699,1324451.5055791487,"[0.0282, 0.0231, 0, 0.0034, 0]","[-1.0, 1.0, -1.0, -1.0, -1.0, -1.0, 1.0, -1.0]",4539.65
2025-10-14,HEDGE (GOLD),0.3114751875400543,0.08743812143802643,1347407.4335827103,"[-0.0440, 0.0260, 0, -0.0049, 0]","[-1.0, -1.0, 1.0, -1.0, -1.0, -1.0, 1.0, 1.0]",4539.65
2025-10-15,HEDGE (GOLD),0.8031324148178101,0.6456575393676758,1378919.6243906457,"[-0.0011, 0.0259, 0, -0.0095, 0]","[1.0, -1.0, -1.0, -1.0, -1.0, -1.0, 1.0, -1.0]",4539.65
2025-10-16,HEDGE (GOLD),0.721731960773468,0.7118185758590698,1352972.4169754793,"[0.0110, 0.0261, 0, -0.0110, 0]","[1.0, -1.0, -1.0, -1.0, -1.0, -1.0, 1.0, -1.0]",4611.65
2025-10-17,HEDGE (GOLD),0.7199454307556152,0.7380828261375427,1402223.2842473148,"[0.0078, 0.0263, 0, 0.0004, 0]","[-1.0, -1.0, -1.0, -1.0, -1.0, -1.0, 1.0, -1.0]",4611.65
2025-10-20,HEDGE (GOLD),0.7921616435050964,0.7028079628944397,1312103.946581464,"[-0.0032, 0.0261, 0, -0.0059, 0]","[-1.0, -1.0, -1.0, -1.0, -1.0, -1.0, 1.0, -1.0]",4688.12
2025-10-21,HEDGE (GOLD),0.7818726301193237,0.6887666583061218,1312243.1030098596,"[-0.0081, 0.0262, 0, 0.0013, 0]","[-1.0, -1.0, -1.0, -1.0, -1.0, -1.0, 1.0, -1.0]",4688.12
2025-10-22,HEDGE (GOLD),0.7905488610267639,0.7524065375328064,1317495.1701929336,"[-0.0049, 0.0248, 0, 0.0005, 0]","[-1.0, -1.0, -1.0, -1.0, -1.0, -1.0, 1.0, -1.0]",4688.12
2025-10-23,HEDGE (GOLD),0.8002058267593384,0.6549234390258789,1313077.8292897241,"[0.0104, 0.0241, 0, 0.0004, 0]","[-1.0, -1.0, -1.0, -1.0, -1.0, -1.0, 1.0, -1.0]",4768.28
2025-10-24,HEDGE (GOLD),0.7535700798034668,0.7410087585449219,1276522.3590139353,"[0.0225, 0.0200, 0, 0.0034, 0]","[-1.0, 1.0, -1.0, -1.0, -1.0, -1.0, 1.0, -1.0]",4836.74
2025-10-27,HEDGE (GOLD),0.6772796511650085,0.7097684144973755,1267374.7609978216,"[0.0281, 0.0200, 0, 0.0096, 0]","[-1.0, 1.0, -1.0, -1.0, -1.0, -1.0, 1.0, -1.0]",4899.95
2025-10-28,HEDGE (GOLD),0.5198149085044861,0.5223859548568726,1262574.8725980925,"[0.0498, 0.0180, 0, 0.0212, 0]","[-1.0, 1.0, -1.0, 1.0, -1.0, -1.0, 1.0, -1.0]",4951.17
2025-10-29,HEDGE (GOLD),0.6282616257667542,0.6096948385238647,1287374.225233191,"[0.0299, 0.0183, 0, 0.0281, 0]","[-1.0, 1.0, -1.0, 1.0, -1.0, -1.0, 1.0, 1.0]",4951.17
2025-10-30,HEDGE (GOLD),0.4145672917366028,0.19665417075157166,1280383.0742035632,"[-0.0200, 0.0213, 0, 0.0221, 0]","[-1.0, -1.0, 1.0, -1.0, 1.0, -1.0, 1.0, 1.0]",4991.82
2025-10-31,HEDGE (GOLD),0.7817100286483765,0.6084592342376709,1282678.6776184447,"[-0.0020, 0.0217, 0, 0.0172, 0]","[-1.0, -1.0, -1.0, -1.0, -1.0, -1.0, 1.0, 1.0]",4991.82
2025-11-03,HEDGE (GOLD),0.6761836409568787,0.4983952045440674,1260209.7440416403,"[0.0217, 0.0214, 0, 0.0159, 0]","[-1.0, 1.0, -1.0, -1.0, -1.0, -1.0, 1.0, -1.0]",5059.72
2025-11-04,HEDGE (GOLD),0.40630996227264404,0.14770637452602386,1274783.275167382,"[-0.0396, 0.0265, 0, -0.0020, 0]","[-1.0, -1.0, 1.0, -1.0, -1.0, -1.0, 1.0, 1.0]",5059.72
2025-11-05,HEDGE (GOLD),0.6080102920532227,0.4326840341091156,1273252.8728907944,"[-0.0175, 0.0276, 0, -0.0115, 0]","[1.0, -1.0, -1.0, -1.0, -1.0, -1.0, 1.0, -1.0]",5109.76
2025-11-06,HEDGE (GOLD),0.6391253471374512,0.5149555802345276,1281043.9345568742,"[-0.0365, 0.0310, 0, -0.0148, 0]","[1.0, -1.0, -1.0, -1.0, -1.0, -1.0, 1.0, -1.0]",5109.76
2025-11-07,HEDGE (GOLD),0.6148633360862732,0.5315040349960327,1316069.1087013297,"[0.0004, 0.0302, 0, -0.0143, 0]","[1.0, -1.0, -1.0, -1.0, -1.0, -1.0, 1.0, -1.0]",5109.76
2025-11-10,HEDGE (GOLD),0.5178410410881042,0.5210807919502258,1321251.5445975787,"[0.0579, 0.0344, 0, -0.0071, 0]","[1.0, 1.0, -1.0, -1.0, -1.0, -1.0, 1.0, -1.0]",5109.76
2025-11-11,HEDGE (GOLD),0.5668071508407593,0.4823102355003357,1342537.913896157,"[-0.0296, 0.0318, 0, -0.0051, 0]","[-1.0, -1.0, -1.0, -1.0, -1.0, -1.0, 1.0, 1.0]",5109.76
2025-11-12,HEDGE (GOLD),0.7428069710731506,0.6560073494911194,1331686.0476769018,"[0.0033, 0.0297, 0, -0.0009, 0]","[-1.0, -1.0, -1.0, -1.0, -1.0, -1.0, 1.0, -1.0]",5174.50
2025-11-13,HEDGE (GOLD),0.5888477563858032,0.3759576082229614,1307651.8961800972,"[-0.0358, 0.0309, 0, -0.0008, 0]","[-1.0, -1.0, -1.0, -1.0, -1.0, -1.0, 1.0, 1.0]",5231.75
2025-11-14,HEDGE (GOLD),0.7356648445129395,0.5230903029441833,1292661.0019144237,"[0.0177, 0.0319, 0, 0.0027, 0]","[-1.0, 1.0, -1.0, -1.0, -1.0, -1.0, 1.0, -1.0]",5296.36
2025-11-17,HEDGE (GOLD),0.7222510576248169,0.618941605091095,1302052.0971439162,"[-0.0188, 0.0306, 0, -0.0126, 0]","[1.0, -1.0, -1.0, -1.0, -1.0, -1.0, 1.0, -1.0]",5296.36
2025-11-18,HEDGE (GOLD),0.7037463188171387,0.5814170241355896,1304173.7284869896,"[-0.0281, 0.0296, 0, -0.0123, 0]","[1.0, -1.0, -1.0, -1.0, -1.0, -1.0, 1.0, -1.0]",5296.36
2025-11-19,HEDGE (GOLD),0.5506229400634766,0.48767992854118347,1303791.18099047,"[0.0285, 0.0315, 0, -0.0073, 0]","[1.0, 1.0, -1.0, -1.0, -1.0, -1.0, 1.0, -1.0]",5350.30
2025-11-20,HEDGE (GOLD),0.7511265277862549,0.5911167860031128,1301773.7842871253,"[-0.0315, 0.0310, 0, -0.0064, 0]","[-1.0, -1.0, -1.0, -1.0, -1.0, -1.0, 1.0, 1.0]",5408.79
2025-11-21,HEDGE (GOLD),0.6971583366394043,0.6184135675430298,1322399.399377647,"[-0.0097, 0.0310, 0, -0.0119, 0]","[1.0, -1.0, -1.0, -1.0, -1.0, -1.0, 1.0, -1.0]",5408.79
2025-11-24,HEDGE (GOLD),0.6675001978874207,0.6135613918304443,1321981.9300924607,"[0.0205, 0.0241, 0, -0.0041, 0]","[1.0, 1.0, -1.0, -1.0, -1.0, -1.0, 1.0, -1.0]",5473.34
2025-11-25,HEDGE (GOLD),0.6678686738014221,0.483744740486145,1332555.5896001793,"[-0.0259, 0.0238, 0, -0.0036, 0]","[-1.0, -1.0, -1.0, -1.0, -1.0, -1.0, 1.0, 1.0]",5473.34
2025-11-26,HEDGE (GOLD),0.6969252228736877,0.5578812956809998,1349111.7017858531,"[0.0137, 0.0246, 0, -0.0066, 0]","[1.0, 1.0, -1.0, -1.0, -1.0, -1.0, 1.0, -1.0]",5473.34
2025-11-28,HEDGE (GOLD),0.7580941319465637,0.6471417546272278,1355615.8583887238,"[-0.0181, 0.0228, 0, -0.0039, 0]","[-1.0, -1.0, -1.0, -1.0, -1.0, -1.0, 1.0, 1.0]",5473.34
2025-12-01,HEDGE (GOLD),0.7125455141067505,0.5603634119033813,1346885.623512542,"[0.0165, 0.0227, 0, 0.0013, 0]","[-1.0, 1.0, -1.0, -1.0, -1.0, -1.0, 1.0, -1.0]",5540.51
2025-12-02,HEDGE (GOLD),0.8877092003822327,0.8042926788330078,1345633.5340927455,"[0.0086, 0.0225, 0, -0.0010, 0]","[-1.0, -1.0, -1.0, -1.0, -1.0, -1.0, 1.0, -1.0]",5615.18
2025-12-03,HEDGE (GOLD),0.7575151324272156,0.5596498847007751,1346503.0760160224,"[-0.0103, 0.0210, 0, 0.0021, 0]","[-1.0, -1.0, -1.0, -1.0, -1.0, -1.0, 1.0, 1.0]",5615.18
2025-12-04,HEDGE (GOLD),0.7862630486488342,0.7198975086212158,1344103.1318161578,"[0.0212, 0.0199, 0, 0.0036, 0]","[-1.0, 1.0, -1.0, -1.0, -1.0, -1.0, 1.0, -1.0]",5682.99
2025-12-05,HEDGE (GOLD),0.7859002947807312,0.5969739556312561,1340555.4389814797,"[-0.0053, 0.0171, 0, 0.0061, 0]","[-1.0, -1.0, -1.0, -1.0, -1.0, -1.0, 1.0, 1.0]",5756.06
2025-12-08,HEDGE (GOLD),0.7974525094032288,0.6855778694152832,1347442.1430808702,"[0.0172, 0.0173, 0, 0.0063, 0]","[-1.0, 1.0, -1.0, -1.0, -1.0, -1.0, 1.0, -1.0]",5756.06
2025-12-09,HEDGE (GOLD),0.8241165280342102,0.6501511931419373,1353181.098545447,"[-0.0031, 0.0163, 0, 0.0039, 0]","[-1.0, -1.0, -1.0, -1.0, -1.0, -1.0, 1.0, 1.0]",5756.06
2025-12-10,HEDGE (GOLD),0.8208069205284119,0.6349645853042603,1367754.6296711885,"[-0.0064, 0.0136, 0, 0.0047, 0]","[-1.0, -1.0, -1.0, -1.0, -1.0, -1.0, 1.0, 1.0]",5756.06
2025-12-11,HEDGE (GOLD),0.5448123216629028,0.4467732310295105,1375406.6410541271,"[-0.0155, 0.0143, 0, -0.0026, 0]","[-1.0, -1.0, -1.0, -1.0, -1.0, -1.0, 1.0, 1.0]",5756.06
2025-12-12,HEDGE (GOLD),0.4858424663543701,0.4205284118652344,1376658.7304739237,"[-0.0327, 0.0169, 0, -0.0081, 0]","[-1.0, -1.0, 1.0, -1.0, -1.0, -1.0, -1.0, 1.0]",5756.06
2025-12-15,HEDGE (GOLD),0.4343126118183136,0.3007587194442749,1376971.8589741273,"[0.0073, 0.0161, 0, -0.0101, 0]","[1.0, 1.0, -1.0, -1.0, -1.0, -1.0, 1.0, -1.0]",5756.06
2025-12-16,HEDGE (GOLD),0.7993115782737732,0.7007780075073242,1388797.6079016426,"[0.0081, 0.0160, 0, -0.0078, 0]","[1.0, 1.0, -1.0, -1.0, -1.0, -1.0, 1.0, -1.0]",5756.06
2025-12-17,HEDGE (GOLD),0.3669898509979248,0.20246654748916626,1386293.322916795,"[-0.0381, 0.0197, 0, -0.0142, 0]","[1.0, -1.0, 1.0, -1.0, -1.0, -1.0, 1.0, 1.0]",5792.97
2025-12-18,HEDGE (GOLD),0.6435100436210632,0.5291864275932312,1386293.322916795,"[0.0187, 0.0193, 0, -0.0073, 0]","[1.0, 1.0, -1.0, -1.0, -1.0, -1.0, 1.0, -1.0]",5792.97
