date,nav,pnl_pct,action,target_lev,real_lev,liquidity_cap,slippage,borrow_cost,risk_prob,trauma_score,event
2023-01-03,10000000.0,0.0,DEPLOYING,0.0,0.0,0.0,0.0,0.0,0.0,0.0,WARMUP_COMPLETE
2023-01-03,10073706.57,0.74,GLD,1.0,1.0,13672655.0,10000.0,0.0,38.8,0.876,SCOUT_VETO
2023-01-04,10158445.64,0.84,GLD,1.0,1.0,13079062.0,10073.71,0.0,38.9,0.884,SCOUT_VETO
2023-01-05,10050809.44,-1.06,GLD,1.0,0.79,8001822.0,8001.82,0.0,38.7,0.878,SCOUT_VETO
2023-01-06,10228784.11,1.77,GLD,1.0,1.0,13703982.0,10050.81,0.0,38.3,0.871,SCOUT_VETO
2023-01-09,10239914.43,0.11,GLD,1.0,0.87,8939165.0,8939.16,0.0,38.4,0.859,SCOUT_VETO
2023-01-10,10260481.87,0.2,GLD,1.0,0.75,7685764.0,7685.76,0.0,38.4,0.85,SCOUT_VETO
2023-01-11,10250543.24,-0.1,GLD,1.0,0.57,5892028.0,5892.03,0.0,38.2,0.805,SCOUT_VETO
2023-01-12,11792192.36,15.04,NVDA,5.0,5.0,90952080.0,51252.72,40676.76,38.0,0.762,VICTORY_LEARNED
2023-01-13,13072000.95,10.85,NVDA,5.0,5.0,75511443.0,58960.96,46794.41,38.2,0.734,OPPORTUNITY_BOOST
2023-01-17,16060509.46,22.86,NVDA,5.0,5.0,90384789.0,65360.0,51873.02,38.9,0.71,VICTORY_LEARNED
2023-01-18,14526238.81,-9.55,NVDA,5.0,4.75,76317060.0,76317.06,56811.47,38.8,0.737,OPPORTUNITY_BOOST
2023-01-19,14704873.86,1.23,GLD,1.0,0.83,12014313.0,12014.31,0.0,39.6,0.812,SCOUT_VETO
2023-01-20,17469319.55,18.8,NVDA,3.0,3.0,100683669.0,44114.62,17505.8,40.1,0.73,VICTORY_LEARNED
2023-01-23,21373937.3,22.35,NVDA,3.0,3.0,125619678.0,52407.96,20796.81,40.5,0.649,VICTORY_LEARNED
2023-01-24,21524914.92,0.71,NVDA,3.0,3.0,95498098.0,64121.81,25445.16,40.3,0.666,OPPORTUNITY_BOOST
2023-01-25,21629131.18,0.48,NVDA,3.0,3.0,86777169.0,64574.74,25624.9,40.3,0.682,OPPORTUNITY_BOOST
2023-01-26,23146996.85,7.02,NVDA,3.0,3.0,96840783.0,64887.39,25748.97,40.3,0.672,OPPORTUNITY_BOOST
2023-01-27,25024309.67,8.11,NVDA,3.0,3.0,110296811.0,69440.99,27555.95,40.6,0.643,OPPORTUNITY_BOOST
2023-01-30,20484747.8,-18.14,NVDA,3.0,3.0,93534019.0,75072.93,29790.84,40.7,0.762,TRAUMA_LEARNED
2023-01-31,21601562.91,5.45,NVDA,3.0,3.0,97200287.0,61454.24,24386.6,41.4,0.75,OPPORTUNITY_BOOST
2023-02-01,26174778.4,21.17,NVDA,3.0,3.0,138185382.0,64804.69,25716.15,40.8,0.737,VICTORY_LEARNED
2023-02-02,28937136.17,10.55,NVDA,3.0,3.0,122376152.0,78524.34,31160.45,41.5,0.658,VICTORY_LEARNED
2023-02-03,26380573.54,-8.83,NVDA,3.0,3.0,90505619.0,86811.41,34448.97,40.5,0.767,OPPORTUNITY_BOOST
2023-02-06,26228770.52,-0.58,NVDA,3.0,3.0,95268454.0,79141.72,31405.44,40.3,0.772,OPPORTUNITY_BOOST
2023-02-07,30163431.98,15.0,NVDA,3.0,3.0,147114708.0,78686.31,31224.73,41.2,0.708,VICTORY_LEARNED
2023-02-08,30167624.72,0.01,NVDA,3.0,3.0,124146221.0,90490.3,35908.85,41.1,0.728,OPPORTUNITY_BOOST
2023-02-09,30579205.78,1.36,NVDA,3.0,3.0,116901144.0,90502.87,35913.84,40.3,0.77,OPPORTUNITY_BOOST
2023-02-10,30583878.47,0.02,GLD,1.0,0.17,5150699.0,5150.7,0.0,40.7,0.829,SCOUT_VETO
2023-02-13,30542263.78,-0.14,GLD,1.0,0.22,6848836.0,6848.84,0.0,40.6,0.811,SCOUT_VETO
2023-02-14,35389253.2,15.87,NVDA,3.0,3.0,155007966.0,91626.79,36359.84,40.7,0.77,VICTORY_LEARNED
2023-02-15,34399401.21,-2.8,NVDA,5.0,2.7,95643936.0,95643.94,32310.7,40.0,0.797,OPPORTUNITY_BOOST
2023-02-16,34385297.15,-0.04,GLD,1.0,0.23,7752733.0,7752.73,0.0,40.1,0.845,SCOUT_VETO
2023-02-17,34401662.87,0.05,GLD,1.0,0.24,8237263.0,8237.26,0.0,40.6,0.855,SCOUT_VETO
2023-02-21,34369043.61,-0.09,GLD,1.0,0.2,6886052.0,6886.05,0.0,41.0,0.85,SCOUT_VETO
2023-02-22,34322885.27,-0.13,GLD,1.0,0.2,6965731.0,6965.73,0.0,40.8,0.855,SCOUT_VETO
2023-02-23,48616692.72,41.65,NVDA,3.0,3.0,264297764.0,102968.66,40860.58,42.1,0.766,VICTORY_LEARNED
2023-02-24,46238593.46,-4.89,NVDA,3.0,2.82,137183938.0,137183.94,49586.16,42.0,0.784,OPPORTUNITY_BOOST
2023-02-27,47086744.53,1.83,NVDA,3.0,2.3,106351645.0,106351.64,27433.29,42.0,0.771,OPPORTUNITY_BOOST
2023-02-28,45672406.9,-3.0,NVDA,3.0,2.25,105750502.0,105750.5,26141.06,42.3,0.768,NORMAL
2023-03-01,43214081.7,-5.38,NVDA,3.0,2.28,104312270.0,104312.27,26573.2,42.2,0.775,NORMAL
2023-03-02,45565048.61,5.44,NVDA,3.0,2.1,90697416.0,90697.42,19773.35,42.3,0.766,NORMAL
2023-03-03,45680678.69,0.25,GLD,1.0,0.26,11892323.0,11892.32,0.0,41.3,0.812,SCOUT_VETO
2023-03-06,45636449.64,-0.1,GLD,1.0,0.16,7318048.0,7318.05,0.0,41.1,0.834,SCOUT_VETO
2023-03-07,45364927.66,-0.59,GLD,1.0,0.32,14692366.0,14692.37,0.0,40.9,0.846,SCOUT_VETO
2023-03-08,45350716.72,-0.03,GLD,1.0,0.21,9638128.0,9638.13,0.0,40.9,0.83,SCOUT_VETO
2023-03-09,45434805.27,0.19,GLD,1.0,0.21,9502266.0,9502.27,0.0,40.3,0.849,SCOUT_VETO
2023-03-10,45928313.24,1.09,GLD,1.0,0.53,23999971.0,23999.97,0.0,40.8,0.84,SCOUT_VETO
2023-03-13,46730697.2,1.75,GLD,1.0,0.8,36558056.0,36558.06,0.0,40.9,0.828,SCOUT_VETO
2023-03-14,52037890.85,11.36,NVDA,3.0,2.44,114182689.0,114182.69,32701.09,41.4,0.756,VICTORY_LEARNED
2023-03-15,52745265.91,1.36,NVDA,3.0,2.44,126966942.0,126966.94,36273.6,41.4,0.744,OPPORTUNITY_BOOST
2023-03-16,60609047.51,14.91,NVDA,3.0,2.82,148844945.0,148844.94,53807.4,42.2,0.61,VICTORY_LEARNED
2023-03-17,61664983.4,1.74,NVDA,3.0,3.0,218107466.0,181827.14,72153.63,41.7,0.685,OPPORTUNITY_BOOST
2023-03-20,62296660.84,1.02,NVDA,3.0,1.82,111988383.0,111988.38,18133.17,42.4,0.562,NORMAL
2023-03-21,63770699.84,2.37,NVDA,3.0,2.3,143296339.0,143296.34,36967.76,42.4,0.552,NORMAL
2023-03-22,65467775.01,2.66,NVDA,3.0,3.0,210852811.0,191312.1,75917.5,42.3,0.553,NORMAL
2023-03-23,69465603.07,6.11,NVDA,3.0,2.34,153471431.0,153471.43,40932.68,42.0,0.517,NORMAL
2023-03-24,67481351.88,-2.86,NVDA,3.0,1.75,121721851.0,121721.85,18167.97,41.7,0.593,NORMAL
2023-03-27,66491399.54,-1.47,NVDA,3.0,1.42,95704268.0,95704.27,7941.8,41.5,0.657,OPPORTUNITY_BOOST
2023-03-28,65961148.84,-0.8,NVDA,3.0,1.41,93968956.0,93968.96,7704.89,41.4,0.67,OPPORTUNITY_BOOST
2023-03-29,68149201.34,3.32,NVDA,3.0,1.61,106146184.0,106146.18,12830.69,41.5,0.635,NORMAL
2023-03-30,69514981.4,2.0,NVDA,3.0,1.46,99732525.0,99732.53,9170.72,41.4,0.511,NORMAL
2023-03-31,71109901.22,2.29,NVDA,3.0,1.73,120433474.0,120433.47,17503.05,41.5,0.447,NORMAL
2023-04-03,71740004.12,0.89,NVDA,3.0,1.57,111408340.0,111408.34,12526.95,41.5,0.453,NORMAL
2023-04-04,69779590.03,-2.73,NVDA,3.0,1.41,101105539.0,101105.54,8211.47,42.2,0.387,NORMAL
2023-04-05,66732189.11,-4.37,NVDA,3.0,1.98,138326225.0,138326.22,26960.73,42.1,0.477,NORMAL
2023-04-06,67235174.28,0.75,NVDA,3.0,1.61,107424421.0,107424.42,12997.16,41.8,0.515,NORMAL
2023-04-10,69296403.1,3.07,NVDA,3.0,1.62,108923465.0,108923.46,13400.11,42.3,0.362,NORMAL
2023-04-11,67938415.55,-1.96,NVDA,3.0,1.23,85342437.0,85342.44,3920.95,42.4,0.383,NORMAL
2023-04-12,64872229.18,-4.51,NVDA,3.0,1.74,118138152.0,118138.15,17319.91,42.4,0.446,NORMAL
2023-04-13,64657605.42,-0.33,NVDA,3.0,1.44,93499430.0,93499.43,8186.5,42.4,0.417,NORMAL
2023-04-14,65717681.88,1.64,NVDA,3.0,1.64,105782767.0,105782.77,13349.73,42.4,0.4,NORMAL
2023-04-17,66416350.82,1.06,NVDA,3.0,1.32,86731519.0,86731.52,5502.62,42.7,0.321,NORMAL
2023-04-18,70316438.67,5.87,NVDA,3.0,2.52,167194374.0,167194.37,50336.38,42.9,0.308,NORMAL
2023-04-19,71163030.24,1.2,NVDA,3.0,1.42,100094125.0,100094.12,8410.31,43.6,0.18,NORMAL
2023-04-20,67603177.35,-5.0,NVDA,3.0,1.63,115831060.0,115831.06,14425.7,43.4,0.257,NORMAL
2023-04-21,67554315.3,-0.07,NVDA,3.0,1.38,93510770.0,93510.77,7110.35,43.1,0.314,NORMAL
2023-04-24,67195851.34,-0.53,NVDA,3.0,1.36,91672445.0,91672.44,6493.8,42.4,0.42,NORMAL
2023-04-25,64147463.31,-4.54,NVDA,3.0,1.48,99246781.0,99246.78,9392.56,42.4,0.459,NORMAL
2023-04-26,67004686.19,4.45,NVDA,3.0,1.71,109441242.0,109441.24,15332.38,42.3,0.502,NORMAL
2023-04-27,67918957.28,1.36,NVDA,3.0,1.53,102600585.0,102600.59,10814.69,42.4,0.487,NORMAL
2023-04-28,69391202.86,2.17,NVDA,3.0,1.19,81019696.0,81019.7,3100.74,42.7,0.42,NORMAL
2023-05-01,76074348.72,9.63,NVDA,3.0,2.37,164745200.0,164745.2,44917.62,43.6,0.322,VICTORY_LEARNED
2023-05-02,73201180.28,-3.78,NVDA,3.0,1.49,113515793.0,113515.79,11085.11,44.3,0.246,NORMAL
2023-05-03,71544750.42,-2.26,NVDA,3.0,1.45,106500743.0,106500.74,9612.64,44.3,0.257,NORMAL
2023-05-04,70686782.73,-1.2,NVDA,3.0,1.24,88634638.0,88634.64,4200.82,44.8,0.17,NORMAL
2023-05-05,74775562.26,5.78,NVDA,3.0,1.47,103590383.0,103590.38,9567.4,46.5,0.066,VICTORY_LEARNED
2023-05-08,76318387.17,2.06,NVDA,3.0,1.34,100481312.0,100481.31,6853.7,47.1,0.028,NORMAL
2023-05-09,74436914.74,-2.47,NVDA,3.0,1.18,89886515.0,89886.52,3170.7,47.5,-0.011,NORMAL
2023-05-10,75492718.78,1.42,NVDA,3.0,1.43,106598160.0,106598.16,9138.26,47.5,-0.022,NORMAL
2023-05-11,74419056.73,-1.42,NVDA,3.0,1.22,91987282.0,91987.28,3987.8,47.0,0.014,NORMAL
2023-05-12,73694061.89,-0.97,NVDA,3.0,1.04,77649972.0,77649.97,668.89,47.3,-0.002,NORMAL
2023-05-15,75445649.45,2.38,NVDA,3.0,1.15,85029721.0,85029.72,2595.1,47.0,-0.032,NORMAL
2023-05-16,76473226.56,1.36,NVDA,3.0,1.74,131175665.0,131175.66,19225.5,47.0,-0.063,NORMAL
2023-05-17,80632812.64,5.44,NVDA,3.0,1.71,130422022.0,130422.02,18255.46,46.8,-0.045,VICTORY_LEARNED
2023-05-18,92083970.62,14.2,NVDA,3.0,2.94,236984155.0,236984.16,91175.59,47.6,-0.046,VICTORY_LEARNED
2023-05-19,89983352.19,-2.28,NVDA,3.0,1.61,148039566.0,148039.57,17848.71,47.7,-0.056,NORMAL
2023-05-22,89534697.07,-0.5,NVDA,3.0,1.29,115878424.0,115878.42,6616.48,47.6,-0.045,NORMAL
2023-05-23,87710805.24,-2.04,NVDA,3.0,1.22,109236139.0,109236.14,4769.17,47.4,-0.038,NORMAL
2023-05-24,86348772.81,-1.55,NVDA,3.0,2.51,220123969.0,220123.97,65934.83,47.0,-0.02,NORMAL
2023-05-25,149115630.48,72.69,NVDA,3.0,3.0,585890501.0,259046.32,102796.16,47.6,0.439,VICTORY_LEARNED
2023-05-26,155860658.55,4.52,NVDA,3.0,1.86,277998006.0,277998.01,47673.99,47.8,0.418,NORMAL
2023-05-30,166459907.8,6.8,NVDA,3.0,2.37,370077827.0,370077.83,100920.71,47.7,0.419,NORMAL
2023-05-31,144469894.82,-13.21,NVDA,3.0,2.28,379001086.0,379001.09,96015.94,47.8,0.467,TRAUMA_LEARNED
2023-06-01,157109380.54,8.75,NVDA,3.0,1.75,252676681.0,252676.68,37550.16,47.5,0.531,VICTORY_LEARNED
2023-06-02,154798975.72,-1.47,NVDA,3.0,1.21,189685970.0,189685.97,7803.84,47.0,0.57,NORMAL
2023-06-05,154028983.69,-0.5,NVDA,3.0,1.0,155025160.0,155025.16,44.94,47.1,0.566,NORMAL
2023-06-06,151897291.17,-1.38,NVDA,3.0,0.97,150134550.0,150134.55,0.0,47.1,0.574,NORMAL
2023-06-07,145866707.36,-3.97,NVDA,3.0,1.26,191731751.0,191731.75,9976.37,46.5,0.619,NORMAL
2023-06-08,150142815.68,2.93,NVDA,3.0,1.1,160767030.0,160767.03,3258.41,46.2,0.63,NORMAL
2023-06-09,151092462.7,0.63,NVDA,3.0,1.1,165705323.0,165705.32,3407.85,44.3,0.404,NORMAL
2023-06-12,153754950.89,1.76,NVDA,3.0,1.01,153355329.0,153355.33,455.71,44.3,0.395,NORMAL
2023-06-13,163276550.09,6.19,NVDA,3.0,1.63,251367280.0,251367.28,31663.12,44.4,0.388,VICTORY_LEARNED
2023-06-14,178215742.33,9.15,NVDA,3.0,1.95,318146325.0,318146.32,59874.13,43.9,0.356,VICTORY_LEARNED
2023-06-15,176017055.89,-1.23,NVDA,3.0,1.36,242358035.0,242358.03,17307.14,43.7,0.345,NORMAL
2023-06-16,175960340.0,-0.03,NVDA,3.0,1.59,279731737.0,279731.74,32703.68,43.5,0.365,NORMAL
2023-06-20,180920790.68,2.82,NVDA,3.0,1.12,197497413.0,197497.41,4796.26,43.3,0.386,NORMAL
2023-06-21,176536452.82,-2.42,NVDA,3.0,1.31,237264894.0,237264.89,14660.98,43.3,0.425,NORMAL
2023-06-22,176272786.82,-0.15,NVDA,3.0,1.02,179600680.0,179600.68,618.53,42.7,0.447,NORMAL
2023-06-23,173256830.17,-1.71,NVDA,3.0,0.86,151057428.0,151057.43,0.0,42.9,0.486,NORMAL
2023-06-26,163980977.41,-5.35,NVDA,3.0,1.39,241309369.0,241309.37,18806.05,43.3,0.509,NORMAL
2023-06-27,169701868.47,3.49,NVDA,3.0,1.18,193399708.0,193399.71,6884.24,43.4,0.498,VICTORY_LEARNED
2023-06-28,165104067.2,-2.71,NVDA,3.0,1.41,239389541.0,239389.54,19504.91,43.3,0.487,NORMAL
2023-06-29,163835169.38,-0.77,NVDA,3.0,0.94,155220489.0,155220.49,0.0,43.2,0.397,NORMAL
2023-06-30,171291336.46,4.55,NVDA,3.0,1.29,211841513.0,211841.51,12316.07,43.1,0.475,VICTORY_LEARNED
2023-07-03,171427753.82,0.08,NVDA,3.0,0.49,84005263.0,84005.26,0.0,42.8,0.534,OPPORTUNITY_BOOST
2023-07-05,170981181.99,-0.26,NVDA,3.0,0.8,136845883.0,136845.88,0.0,42.5,0.562,OPPORTUNITY_BOOST
2023-07-06,170207547.98,-0.45,NVDA,3.0,0.75,127724219.0,127724.22,0.0,42.4,0.567,NORMAL
2023-07-07,171492382.38,0.75,NVDA,3.0,0.89,151150132.0,151150.13,0.0,42.4,0.581,OPPORTUNITY_BOOST
2023-07-10,170209600.94,-0.75,NVDA,3.0,0.87,149169865.0,149169.86,0.0,42.5,0.548,NORMAL
2023-07-11,170223499.29,0.01,GLD,1.0,0.03,5058337.0,5058.34,0.0,39.2,0.809,SCOUT_VETO
2023-07-12,177455946.32,4.25,NVDA,5.0,1.24,211136600.0,211136.6,10068.76,38.9,0.752,VICTORY_LEARNED
2023-07-13,187610066.92,5.72,NVDA,5.0,1.24,219704022.0,219704.02,10378.24,39.3,0.744,VICTORY_LEARNED
2023-07-14,183322719.84,-2.29,NVDA,5.0,1.87,350799562.0,350799.56,60543.09,38.8,0.737,NORMAL
2023-07-17,188242689.53,2.68,NVDA,5.0,1.29,237005384.0,237005.38,13770.36,39.3,0.724,NORMAL
2023-07-18,193955074.53,3.03,NVDA,5.0,1.43,270122211.0,270122.21,23312.4,39.4,0.704,NORMAL
2023-07-19,191986740.57,-1.01,NVDA,5.0,1.04,201108784.0,201108.78,1471.74,39.2,0.724,NORMAL
2023-07-20,183637078.43,-4.35,NVDA,5.0,1.27,244658137.0,244658.14,13317.81,39.0,0.793,NORMAL
2023-07-21,183608604.14,-0.02,GLD,1.0,0.04,7005549.0,7005.55,0.0,39.5,0.852,SCOUT_VETO
2023-07-24,183566736.95,-0.02,GLD,1.0,0.04,7927180.0,7927.18,0.0,40.0,0.858,SCOUT_VETO
2023-07-25,183600816.62,0.02,GLD,1.0,0.04,7460752.0,7460.75,0.0,39.9,0.839,SCOUT_VETO
2023-07-26,183644605.42,0.02,GLD,1.0,0.06,11288347.0,11288.35,0.0,39.9,0.847,SCOUT_VETO
2023-07-27,183415669.26,-0.12,GLD,1.0,0.07,13698930.0,13698.93,0.0,39.4,0.81,SCOUT_VETO
2023-07-28,186126113.97,1.48,NVDA,5.0,0.84,154720613.0,154720.61,0.0,39.2,0.783,NORMAL
2023-07-31,185956233.99,-0.09,NVDA,5.0,0.63,117230199.0,117230.2,0.0,38.9,0.763,NORMAL
2023-08-01,185320545.66,-0.34,NVDA,5.0,0.59,110540201.0,110540.2,0.0,38.8,0.749,NORMAL
2023-08-02,173788247.71,-6.22,NVDA,5.0,1.27,234517943.0,234517.94,12352.76,38.0,0.766,TRAUMA_LEARNED
2023-08-03,174445360.39,0.38,NVDA,5.0,0.83,144202028.0,144202.03,0.0,38.0,0.774,NORMAL
2023-08-04,174883642.79,0.25,NVDA,5.0,0.93,161921382.0,161921.38,0.0,37.8,0.74,NORMAL
2023-08-07,177149112.2,1.3,NVDA,5.0,0.84,146206319.0,146206.32,0.0,37.8,0.738,NORMAL
2023-08-08,174372828.39,-1.57,NVDA,5.0,0.89,157925547.0,157925.55,0.0,37.3,0.695,NORMAL
2023-08-09,162321232.4,-6.91,NVDA,5.0,1.43,249376082.0,249376.08,21282.64,36.9,0.717,TRAUMA_LEARNED
2023-08-10,161286641.06,-0.64,NVDA,5.0,1.29,208696008.0,208696.01,11830.15,36.9,0.744,NORMAL
2023-08-11,153182964.28,-5.02,NVDA,5.0,1.35,217633541.0,217633.54,15085.75,37.0,0.741,NORMAL
2023-08-14,153114608.85,-0.04,GLD,1.0,0.11,16917197.0,16917.2,0.0,38.7,0.878,SCOUT_VETO
2023-08-15,153065674.38,-0.03,GLD,1.0,0.09,13390290.0,13390.29,0.0,38.8,0.877,SCOUT_VETO
2023-08-16,152987639.32,-0.05,GLD,1.0,0.08,11516339.0,11516.34,0.0,38.6,0.87,SCOUT_VETO
2023-08-17,152952325.37,-0.02,GLD,1.0,0.09,13914788.0,13914.79,0.0,38.6,0.871,SCOUT_VETO
2023-08-18,152943238.13,-0.01,GLD,1.0,0.07,10963385.0,10963.39,0.0,38.6,0.871,SCOUT_VETO
2023-08-21,152956088.67,0.01,GLD,1.0,0.05,7395272.0,7395.27,0.0,39.1,0.854,SCOUT_VETO
2023-08-22,152962828.58,0.0,GLD,1.0,0.07,10376165.0,10376.16,0.0,39.2,0.869,SCOUT_VETO
2023-08-23,153092422.59,0.08,GLD,1.0,0.09,14140654.0,14140.65,0.0,39.2,0.853,SCOUT_VETO
2023-08-24,153080384.19,-0.01,GLD,1.0,0.06,9828703.0,9828.7,0.0,39.2,0.853,SCOUT_VETO
2023-08-25,153055403.24,-0.02,GLD,1.0,0.07,10893079.0,10893.08,0.0,39.2,0.865,SCOUT_VETO
2023-08-28,153071206.09,0.01,GLD,1.0,0.06,8444609.0,8444.61,0.0,38.9,0.844,SCOUT_VETO
2023-08-29,153190697.91,0.08,GLD,1.0,0.09,13628030.0,13628.03,0.0,38.7,0.816,SCOUT_VETO
2023-08-30,153208554.84,0.01,GLD,1.0,0.08,11889760.0,11889.76,0.0,38.7,0.808,SCOUT_VETO
2023-08-31,153185558.79,-0.02,GLD,1.0,0.06,8633039.0,8633.04,0.0,38.8,0.813,SCOUT_VETO
2023-09-01,153181081.75,-0.0,GLD,1.0,0.06,8952728.0,8952.73,0.0,39.0,0.835,SCOUT_VETO
2023-09-05,153136886.2,-0.03,NVDA,5.0,1.21,185635313.0,185635.31,7803.62,38.5,0.777,NORMAL
2023-09-06,153073632.6,-0.04,GLD,1.0,0.07,11429490.0,11429.49,0.0,38.5,0.818,SCOUT_VETO
2023-09-07,153074029.51,0.0,GLD,1.0,0.04,5798468.0,5798.47,0.0,38.4,0.819,SCOUT_VETO
2023-09-08,149724082.07,-2.19,NVDA,5.0,1.41,215448007.0,215448.01,17418.62,37.7,0.781,NORMAL
2023-09-11,147641818.04,-1.39,NVDA,5.0,1.43,213990341.0,213990.34,18224.47,37.8,0.785,NORMAL
2023-09-12,146415598.82,-0.83,NVDA,5.0,1.06,156610121.0,156610.12,1887.51,37.8,0.77,NORMAL
2023-09-13,148707917.13,1.57,NVDA,5.0,1.24,181074977.0,181074.98,8504.75,37.4,0.655,NORMAL
2023-09-14,148890665.85,0.12,NVDA,5.0,1.13,168585167.0,168585.17,4471.07,37.7,0.66,NORMAL
2023-09-15,140446190.76,-5.67,NVDA,5.0,1.49,222355358.0,222355.36,21768.49,38.5,0.785,NORMAL
2023-09-18,140532194.89,0.06,NVDA,5.0,1.57,219807334.0,219807.33,24643.91,38.6,0.797,NORMAL
2023-09-19,138719053.16,-1.29,NVDA,5.0,1.15,162252784.0,162252.78,4975.74,38.5,0.774,NORMAL
2023-09-20,133999200.08,-3.4,NVDA,5.0,1.12,154962781.0,154962.78,3600.36,38.6,0.762,NORMAL
2023-09-21,128455333.13,-4.14,NVDA,5.0,1.38,184759170.0,184759.17,13886.56,38.7,0.756,NORMAL
2023-09-22,128469625.05,0.01,GLD,1.0,0.05,6492480.0,6492.48,0.0,38.7,0.804,SCOUT_VETO
2023-09-25,128408614.95,-0.05,GLD,1.0,0.08,9919392.0,9919.39,0.0,39.0,0.845,SCOUT_VETO
2023-09-26,126988610.06,-1.11,NVDA,5.0,1.31,168491712.0,168491.71,10435.54,38.1,0.793,NORMAL
2023-09-27,126734496.39,-0.2,GLD,1.0,0.15,19011024.0,19011.02,0.0,38.8,0.847,SCOUT_VETO
2023-09-28,126629964.04,-0.08,GLD,1.0,0.14,17430229.0,17430.23,0.0,39.1,0.872,SCOUT_VETO
2023-09-29,126428385.86,-0.16,GLD,1.0,0.14,17877777.0,17877.78,0.0,39.4,0.871,SCOUT_VETO
2023-10-02,126180522.88,-0.2,GLD,1.0,0.17,21555728.0,21555.73,0.0,40.2,0.861,SCOUT_VETO
2023-10-03,126105147.76,-0.06,GLD,1.0,0.15,19385398.0,19385.4,0.0,40.8,0.834,SCOUT_VETO
2023-10-04,126086168.13,-0.02,GLD,1.0,0.13,16972522.0,16972.52,0.0,40.4,0.857,SCOUT_VETO
2023-10-05,128478287.76,1.9,NVDA,3.0,1.39,175726325.0,175726.33,13726.88,41.4,0.634,OPPORTUNITY_BOOST
2023-10-06,133032982.86,3.55,NVDA,3.0,1.55,198678452.0,198678.45,21539.15,41.0,0.729,OPPORTUNITY_BOOST
2023-10-09,130852506.53,-1.64,NVDA,3.0,1.39,185352573.0,185352.57,14463.49,41.6,0.623,OPPORTUNITY_BOOST
2023-10-10,132630381.75,1.36,NVDA,3.0,1.29,168694359.0,168694.36,9679.67,41.8,0.548,OPPORTUNITY_BOOST
2023-10-11,136334817.52,2.79,NVDA,3.0,1.33,176876718.0,176876.72,11707.78,42.6,0.32,NORMAL
2023-10-12,136750186.25,0.3,NVDA,3.0,1.66,225812361.0,225812.36,29405.22,42.8,0.282,NORMAL
2023-10-13,129701146.48,-5.15,NVDA,3.0,1.58,215398476.0,215398.48,24579.52,44.4,0.153,NORMAL
2023-10-16,131926702.65,1.72,NVDA,3.0,1.33,172790422.0,172790.42,11389.76,44.5,0.106,NORMAL
2023-10-17,114758117.58,-13.01,NVDA,3.0,2.7,356692785.0,356692.79,120576.27,44.5,0.204,TRAUMA_LEARNED
2023-10-18,103937609.09,-9.43,NVDA,3.0,2.31,264522307.0,264522.31,68494.6,45.5,0.214,NORMAL
2023-10-19,103208922.17,-0.7,NVDA,3.0,2.03,210888091.0,210888.09,43055.79,45.4,0.213,NORMAL
2023-10-20,99628036.62,-3.47,NVDA,3.0,1.91,197398750.0,197398.75,35743.79,45.3,0.182,NORMAL
2023-10-23,107264717.78,7.67,NVDA,3.0,2.06,205515696.0,205515.7,43338.94,45.5,0.24,VICTORY_LEARNED
2023-10-24,109871996.2,2.43,NVDA,3.0,1.63,175177776.0,175177.78,22006.19,45.7,0.235,NORMAL
2023-10-25,102511724.71,-6.7,NVDA,3.0,1.51,166331454.0,166331.45,16958.74,45.6,0.254,TRAUMA_LEARNED
2023-10-26,94662499.59,-7.66,NVDA,3.0,2.13,218023420.0,218023.42,48744.43,45.4,0.336,NORMAL
2023-10-27,95195490.66,0.56,NVDA,3.0,1.78,168688691.0,168688.69,26173.56,45.1,0.366,NORMAL
2023-10-30,97619516.15,2.55,NVDA,3.0,1.68,159613254.0,159613.25,21430.27,45.3,0.353,NORMAL
2023-10-31,95405775.9,-2.27,NVDA,3.0,2.16,211091573.0,211091.57,48684.72,45.1,0.326,NORMAL
2023-11-01,102198620.08,7.12,NVDA,3.0,1.94,185091853.0,185091.85,34522.89,45.3,0.317,VICTORY_LEARNED
2023-11-02,106958522.84,4.66,NVDA,3.0,1.74,177899617.0,177899.62,26145.75,45.8,0.291,NORMAL
2023-11-03,113317722.96,5.95,NVDA,3.0,1.79,190972520.0,190972.52,29762.99,45.7,0.298,VICTORY_LEARNED
2023-11-06,116149148.59,2.5,NVDA,3.0,1.62,183221155.0,183221.16,22425.69,45.7,0.268,NORMAL
2023-11-07,116683115.48,0.46,NVDA,3.0,1.36,157599807.0,157599.81,11159.39,45.9,0.246,NORMAL
2023-11-08,118683177.55,1.71,NVDA,3.0,1.38,161376808.0,161376.81,12264.47,45.7,0.142,NORMAL
2023-11-09,120419738.2,1.46,NVDA,3.0,2.14,253599291.0,253599.29,57199.49,45.4,0.019,NORMAL
2023-11-10,126190886.05,4.79,NVDA,3.0,1.69,203477513.0,203477.51,27846.36,45.8,-0.003,NORMAL
2023-11-13,127087017.65,0.71,NVDA,3.0,1.48,186646510.0,186646.51,17741.82,45.5,0.018,NORMAL
2023-11-14,131263147.68,3.29,NVDA,3.0,1.63,206909176.0,206909.18,25785.26,45.6,-0.049,NORMAL
2023-11-15,127402366.29,-2.94,NVDA,3.0,1.77,232311113.0,232311.11,35483.32,45.4,0.016,NORMAL
2023-11-16,129258137.17,1.46,NVDA,3.0,1.32,168002890.0,168002.89,10622.83,45.1,0.019,NORMAL
2023-11-17,128500996.99,-0.59,NVDA,3.0,1.24,160216211.0,160216.21,7613.63,45.2,-0.009,NORMAL
2023-11-20,132968077.39,3.48,NVDA,3.0,1.62,208619158.0,208619.16,25807.63,45.2,0.001,NORMAL
2023-11-21,130017981.77,-2.22,NVDA,3.0,2.12,282374513.0,282374.51,62953.06,45.2,0.022,NORMAL
2023-11-22,119882686.95,-7.8,NVDA,3.0,3.0,437878968.0,390053.95,154783.31,45.1,0.119,NORMAL
2023-11-24,117022701.66,-2.39,NVDA,3.0,1.17,140678848.0,140678.85,4842.0,45.1,0.149,NORMAL
2023-11-27,118668682.39,1.41,NVDA,3.0,1.63,190752224.0,190752.22,23845.72,44.1,0.2,NORMAL
2023-11-28,116778855.32,-1.59,NVDA,3.0,1.62,191873226.0,191873.23,23484.74,44.1,0.211,NORMAL
2023-11-29,117800104.47,0.87,NVDA,3.0,1.57,183778659.0,183778.66,20920.59,44.3,0.141,NORMAL
2023-11-30,110501141.69,-6.2,NVDA,3.0,2.09,245967054.0,245967.05,53097.83,42.8,0.434,NORMAL
2023-12-01,110290856.97,-0.19,NVDA,3.0,1.56,172599767.0,172599.77,19245.31,42.7,0.436,NORMAL
2023-12-04,104719724.25,-5.05,NVDA,3.0,1.8,198997442.0,198997.44,31756.55,41.1,0.758,NORMAL
2023-12-05,108554124.72,3.66,NVDA,3.0,1.65,172997844.0,172997.84,22380.16,41.0,0.788,NORMAL
2023-12-06,104409481.38,-3.82,NVDA,3.0,1.59,173083431.0,173083.43,20414.35,41.1,0.758,NORMAL
2023-12-07,104416580.66,0.01,GLD,1.0,0.1,10916463.0,10916.46,0.0,40.9,0.814,SCOUT_VETO
2023-12-08,107555507.28,3.01,NVDA,3.0,1.63,170557937.0,170557.94,21436.06,41.3,0.772,NORMAL
2023-12-11,107367144.96,-0.18,GLD,1.0,0.15,15640950.0,15640.95,0.0,40.7,0.833,SCOUT_VETO
2023-12-12,107352812.37,-0.01,GLD,1.0,0.09,9278906.0,9278.91,0.0,40.7,0.836,SCOUT_VETO
2023-12-13,107783101.12,0.4,GLD,1.0,0.19,19955389.0,19955.39,0.0,40.8,0.824,SCOUT_VETO
2023-12-14,107866678.77,0.08,GLD,1.0,0.16,17188018.0,17188.02,0.0,40.4,0.836,SCOUT_VETO
2023-12-15,107708412.85,-0.15,GLD,1.0,0.14,15567376.0,15567.38,0.0,40.7,0.814,SCOUT_VETO
2023-12-18,112477846.28,4.43,NVDA,3.0,1.92,206496139.0,206496.14,37578.1,40.6,0.776,NORMAL
2023-12-19,110024879.49,-2.18,NVDA,3.0,2.05,230254495.0,230254.49,47837.64,40.6,0.797,NORMAL
2023-12-20,109952101.03,-0.07,GLD,1.0,0.1,11290515.0,11290.51,0.0,40.2,0.839,SCOUT_VETO
2023-12-21,110005229.2,0.05,GLD,1.0,0.08,8751666.0,8751.67,0.0,39.8,0.809,SCOUT_VETO
2023-12-22,110052123.92,0.04,GLD,1.0,0.12,13654346.0,13654.35,0.0,39.8,0.813,SCOUT_VETO
2023-12-26,111035558.34,0.89,NVDA,5.0,1.09,120272310.0,120272.31,2216.13,38.9,0.726,NORMAL
2023-12-27,111242429.85,0.19,NVDA,5.0,1.04,115397551.0,115397.55,899.47,38.9,0.709,NORMAL
2023-12-28,111377336.17,0.12,NVDA,5.0,1.1,122046813.0,122046.81,2351.94,39.2,0.734,NORMAL
2023-12-29,111156751.61,-0.2,NVDA,5.0,1.73,192678324.0,192678.32,27906.24,39.3,0.745,NORMAL
2024-01-02,111118208.39,-0.03,GLD,1.0,0.1,11492024.0,11492.02,0.0,39.4,0.806,SCOUT_VETO
2024-01-03,109057159.61,-1.85,NVDA,5.0,1.37,152562016.0,152562.02,11289.91,39.1,0.78,NORMAL
2024-01-04,110226112.85,1.07,NVDA,5.0,1.35,147048749.0,147048.75,10163.99,39.0,0.767,NORMAL
2024-01-05,114651308.24,4.01,NVDA,5.0,1.85,203658227.0,203658.23,34251.78,38.9,0.718,NORMAL
2024-01-08,135756591.63,18.41,NVDA,3.0,2.93,335543828.0,335543.83,128268.71,40.7,0.769,VICTORY_LEARNED
2024-01-09,142101144.81,4.67,NVDA,3.0,3.0,410596600.0,407269.77,161614.99,40.5,0.757,NORMAL
2024-01-10,148353637.66,4.4,NVDA,3.0,2.04,289956581.0,289956.58,59860.75,40.7,0.731,NORMAL
2024-01-11,150788134.0,1.64,NVDA,3.0,2.2,326973049.0,326973.05,78110.94,40.4,0.736,NORMAL
2024-01-12,150190051.5,-0.4,NVDA,3.0,1.28,193015464.0,193015.46,10724.77,40.5,0.749,NORMAL
2024-01-16,157644602.52,4.96,NVDA,3.0,1.69,253341050.0,253341.05,34522.9,41.2,0.683,VICTORY_LEARNED
2024-01-17,155791912.59,-1.18,NVDA,3.0,1.69,265764026.0,265764.03,36165.15,40.6,0.711,NORMAL
2024-01-18,160743187.95,3.18,NVDA,3.0,1.8,280610254.0,280610.25,44607.36,41.7,0.566,OPPORTUNITY_BOOST
2024-01-19,173845722.07,8.15,NVDA,3.0,2.01,323154183.0,323154.18,64783.16,41.5,0.555,VICTORY_LEARNED
2024-01-22,174285911.36,0.25,NVDA,3.0,1.55,270055326.0,270055.33,29653.55,41.2,0.602,OPPORTUNITY_BOOST
2024-01-23,174756477.28,0.27,NVDA,3.0,1.01,176319954.0,176319.95,408.29,41.0,0.534,NORMAL
2024-01-24,182892171.96,4.66,NVDA,3.0,1.97,343602075.0,343602.07,65869.1,41.0,0.513,NORMAL
2024-01-25,183793443.03,0.49,NVDA,3.0,1.63,297307051.0,297307.05,36903.03,41.8,0.423,NORMAL
2024-01-26,181277215.3,-1.37,NVDA,3.0,1.3,238076832.0,238076.83,13951.58,41.7,0.51,NORMAL
2024-01-29,186166325.05,2.7,NVDA,3.0,1.2,217714785.0,217714.78,8682.88,41.5,0.513,NORMAL
2024-01-30,187163691.47,0.54,NVDA,3.0,1.38,257691197.0,257691.2,19643.78,41.4,0.519,NORMAL
2024-01-31,181314177.21,-3.13,NVDA,3.0,1.49,279051000.0,279051.0,27182.35,41.3,0.644,OPPORTUNITY_BOOST
2024-02-01,186737607.67,2.99,NVDA,3.0,1.28,232532084.0,232532.08,13032.94,41.1,0.652,OPPORTUNITY_BOOST
2024-02-02,202044227.02,8.2,NVDA,3.0,1.69,315128476.0,315128.48,42989.21,41.9,0.511,VICTORY_LEARNED
2024-02-05,224042091.49,10.89,NVDA,3.0,2.33,471249142.0,471249.14,124582.37,43.2,0.369,VICTORY_LEARNED
2024-02-06,216026269.21,-3.58,NVDA,3.0,2.08,465779375.0,465779.38,99715.74,43.7,0.372,NORMAL
2024-02-07,225184510.4,4.24,NVDA,3.0,1.61,347199682.0,347199.68,41830.02,43.5,0.381,NORMAL
2024-02-08,222995400.57,-0.97,NVDA,3.0,1.28,288446938.0,288446.94,16078.4,43.5,0.422,NORMAL
2024-02-09,233919074.25,4.9,NVDA,3.0,1.41,314784090.0,314784.09,25708.43,43.5,0.385,VICTORY_LEARNED
2024-02-12,234103645.76,0.08,NVDA,3.0,1.89,443146313.0,443146.31,78644.65,43.6,0.388,NORMAL
2024-02-13,232874115.44,-0.53,NVDA,5.0,1.86,434386981.0,434386.98,73736.57,43.0,0.482,OPPORTUNITY_BOOST
2024-02-14,241618471.64,3.75,NVDA,5.0,1.6,372925921.0,372925.92,44499.95,43.2,0.406,OPPORTUNITY_BOOST
2024-02-15,236170088.32,-2.25,NVDA,3.0,1.26,305082255.0,305082.25,15899.45,44.3,0.335,NORMAL
2024-02-16,235550742.88,-0.26,NVDA,3.0,1.52,359471500.0,359471.5,37237.21,44.3,0.287,NORMAL
2024-02-20,213659017.19,-9.29,NVDA,3.0,2.08,489248111.0,489248.11,104551.46,44.8,0.29,TRAUMA_LEARNED
2024-02-21,200150264.65,-6.32,NVDA,3.0,2.13,454342864.0,454342.86,101549.76,44.0,0.473,NORMAL
2024-02-22,297790794.31,48.78,NVDA,3.0,3.0,679053999.0,600450.79,238274.12,44.4,0.659,VICTORY_LEARNED
2024-02-23,299303562.84,0.51,NVDA,3.0,2.19,653334780.0,653334.78,154770.19,44.4,0.661,OPPORTUNITY_BOOST
2024-02-26,300269014.46,0.32,NVDA,3.0,1.33,398380406.0,398380.41,26165.42,44.3,0.668,OPPORTUNITY_BOOST
2024-02-27,298436127.78,-0.61,NVDA,3.0,1.03,308104080.0,308104.08,1595.14,44.1,0.684,OPPORTUNITY_BOOST
2024-02-28,294105245.64,-1.45,NVDA,3.0,1.02,305131033.0,305131.03,1358.15,44.0,0.701,OPPORTUNITY_BOOST
2024-02-29,301158799.07,2.4,NVDA,3.0,1.36,401103038.0,401103.04,28953.26,44.3,0.681,OPPORTUNITY_BOOST
2024-03-01,316513523.36,5.1,NVDA,3.0,1.31,394007970.0,394007.97,24102.21,43.5,0.712,VICTORY_LEARNED
2024-03-04,334774800.47,5.77,NVDA,3.0,1.66,524440420.0,524440.42,68357.16,43.1,0.721,VICTORY_LEARNED
2024-03-05,338134228.72,1.0,NVDA,3.0,1.34,447333933.0,447333.93,29842.09,43.1,0.714,OPPORTUNITY_BOOST
2024-03-06,354000282.57,4.69,NVDA,3.0,1.53,516431721.0,516431.72,54030.44,42.8,0.704,VICTORY_LEARNED
2024-03-07,378574442.37,6.94,NVDA,3.0,1.59,563250459.0,563250.46,66059.19,41.4,0.496,VICTORY_LEARNED
2024-03-08,321812010.12,-14.99,NVDA,3.0,2.64,999295305.0,999295.3,325093.56,42.2,0.659,TRAUMA_LEARNED
2024-03-11,309483191.79,-3.83,NVDA,3.0,1.81,581563188.0,581563.19,93136.87,42.2,0.731,OPPORTUNITY_BOOST
2024-03-12,352675858.02,13.96,NVDA,3.0,1.98,613734628.0,613734.63,119714.2,43.4,0.627,VICTORY_LEARNED
2024-03-13,345585232.02,-2.01,NVDA,3.0,1.64,577492191.0,577492.19,73041.17,43.5,0.637,OPPORTUNITY_BOOST
2024-03-14,327850806.42,-5.13,NVDA,3.0,1.53,529432430.0,529432.43,55883.27,43.3,0.693,OPPORTUNITY_BOOST
2024-03-15,326520825.77,-0.41,NVDA,3.0,1.72,563701512.0,563701.51,80459.92,43.3,0.688,OPPORTUNITY_BOOST
2024-03-18,329995400.79,1.06,NVDA,3.0,1.81,591440992.0,591440.99,95210.54,42.8,0.723,OPPORTUNITY_BOOST
2024-03-19,335699966.44,1.73,NVDA,3.0,1.82,600601035.0,600601.03,97720.23,42.5,0.749,OPPORTUNITY_BOOST
2024-03-20,339956940.17,1.27,NVDA,3.0,1.29,432718063.0,432718.06,24812.81,42.3,0.758,OPPORTUNITY_BOOST
2024-03-21,344656285.61,1.38,NVDA,3.0,1.29,439004125.0,439004.12,25377.94,42.2,0.755,OPPORTUNITY_BOOST
2024-03-22,361295943.3,4.83,NVDA,3.0,1.6,552929389.0,552929.39,66295.82,42.3,0.697,VICTORY_LEARNED
2024-03-25,364689194.08,0.94,NVDA,3.0,1.45,524272745.0,524272.75,46923.4,42.1,0.708,OPPORTUNITY_BOOST
2024-03-26,351975690.75,-3.49,NVDA,3.0,1.3,475195292.0,475195.29,28569.65,41.8,0.691,OPPORTUNITY_BOOST
2024-03-27,338195305.42,-3.92,NVDA,3.0,1.5,528655801.0,528655.8,52652.31,42.3,0.654,OPPORTUNITY_BOOST
2024-03-28,338251232.1,0.02,NVDA,3.0,1.16,393039648.0,393039.65,12646.49,42.1,0.632,NORMAL
2024-04-01,337857387.51,-0.12,NVDA,3.0,1.21,408630799.0,408630.8,16869.72,42.1,0.642,NORMAL
2024-04-02,333555526.73,-1.27,NVDA,3.0,1.15,387186877.0,387186.88,11216.65,42.3,0.612,NORMAL
2024-04-03,331431323.72,-0.64,NVDA,3.0,0.99,329058544.0,329058.54,0.0,42.2,0.613,NORMAL
2024-04-04,318206871.91,-3.99,NVDA,3.0,1.13,373466095.0,373466.1,9398.01,41.9,0.684,NORMAL
2024-04-05,318670824.48,0.15,GLD,1.0,0.09,28791541.0,28791.54,0.0,40.9,0.827,SCOUT_VETO
2024-04-08,318787761.72,0.04,GLD,1.0,0.07,22365414.0,22365.41,0.0,40.8,0.825,SCOUT_VETO
2024-04-09,318915699.57,0.04,GLD,1.0,0.09,28449251.0,28449.25,0.0,40.8,0.806,SCOUT_VETO
2024-04-10,325944632.26,2.2,NVDA,3.0,1.18,375754998.0,375755.0,13287.62,41.3,0.775,NORMAL
2024-04-11,326407133.68,0.14,GLD,1.0,0.08,25090610.0,25090.61,0.0,40.8,0.827,SCOUT_VETO
2024-04-12,325452865.28,-0.29,GLD,1.0,0.21,67016407.0,67016.41,0.0,40.2,0.834,SCOUT_VETO
2024-04-15,315622577.33,-3.02,NVDA,3.0,1.17,380856309.0,380856.31,12864.1,41.4,0.794,NORMAL
2024-04-16,320618909.99,1.58,NVDA,3.0,1.03,323666351.0,323666.35,1636.66,42.0,0.736,NORMAL
2024-04-17,304089377.26,-5.16,NVDA,3.0,1.3,416097108.0,416097.11,24585.51,41.5,0.785,NORMAL
2024-04-18,306557088.4,0.81,NVDA,3.0,1.24,378506366.0,378506.37,18378.65,41.7,0.77,NORMAL
2024-04-19,239048526.25,-22.02,NVDA,3.0,2.17,666560845.0,666560.84,155311.97,42.2,0.741,TRAUMA_LEARNED
2024-04-22,259119742.57,8.4,NVDA,3.0,1.98,473956605.0,473956.61,92410.2,43.4,0.727,VICTORY_LEARNED
2024-04-23,271929060.24,4.94,NVDA,3.0,1.39,361289175.0,361289.17,28264.73,43.7,0.725,VICTORY_LEARNED
2024-04-24,257891027.57,-5.16,NVDA,3.0,1.5,407903925.0,407903.92,40469.74,42.6,0.793,NORMAL
2024-04-25,257961830.23,0.03,GLD,1.0,0.06,14264755.0,14264.75,0.0,42.4,0.804,SCOUT_VETO
2024-04-26,287234344.48,11.35,NVDA,3.0,1.87,483183073.0,483183.07,83701.85,42.8,0.789,VICTORY_LEARNED
2024-04-29,286965975.17,-0.09,NVDA,3.0,1.19,341175245.0,341175.24,12712.44,42.8,0.789,OPPORTUNITY_BOOST
2024-04-30,286466994.16,-0.17,GLD,1.0,0.08,23832408.0,23832.41,0.0,42.4,0.807,SCOUT_VETO
2024-05-01,286645799.48,0.06,GLD,1.0,0.08,22178360.0,22178.36,0.0,42.6,0.802,SCOUT_VETO
2024-05-02,297148912.56,3.66,NVDA,3.0,1.13,324135355.0,324135.36,8411.25,43.0,0.786,VICTORY_LEARNED
2024-05-03,309024541.22,4.0,NVDA,3.0,1.19,353502626.0,353502.63,13301.8,42.4,0.756,VICTORY_LEARNED
2024-05-06,321745426.45,4.12,NVDA,3.0,1.12,346456666.0,346456.67,8326.64,41.9,0.773,VICTORY_LEARNED
2024-05-07,314518145.33,-2.25,NVDA,3.0,1.23,395828711.0,395828.71,18083.59,41.8,0.793,OPPORTUNITY_BOOST
2024-05-08,313762259.75,-0.24,NVDA,3.0,0.94,294340707.0,294340.71,0.0,41.6,0.794,OPPORTUNITY_BOOST
2024-05-09,307247517.51,-2.08,NVDA,3.0,1.07,335304124.0,335304.12,4567.63,41.7,0.8,OPPORTUNITY_BOOST
2024-05-10,310785191.51,1.15,NVDA,3.0,0.98,301229719.0,301229.72,0.0,41.4,0.79,OPPORTUNITY_BOOST
2024-05-13,312040671.53,0.4,NVDA,3.0,0.84,261734296.0,261734.3,0.0,41.5,0.784,OPPORTUNITY_BOOST
2024-05-14,314636083.47,0.83,NVDA,3.0,0.87,270738815.0,270738.82,0.0,41.3,0.782,OPPORTUNITY_BOOST
2024-05-15,328380566.68,4.37,NVDA,3.0,1.26,395101133.0,395101.13,20048.25,40.8,0.727,VICTORY_LEARNED
2024-05-16,327200080.49,-0.36,NVDA,3.0,0.93,305522040.0,305522.04,0.0,41.0,0.735,OPPORTUNITY_BOOST
2024-05-17,320242406.75,-2.13,NVDA,3.0,1.02,332469006.0,332469.01,1062.26,41.5,0.752,OPPORTUNITY_BOOST
2024-05-20,327453864.3,2.25,NVDA,3.0,0.94,301970450.0,301970.45,0.0,41.4,0.726,OPPORTUNITY_BOOST
2024-05-21,329145387.77,0.52,NVDA,3.0,0.96,313608421.0,313608.42,0.0,41.2,0.723,OPPORTUNITY_BOOST
2024-05-22,326184650.1,-0.9,NVDA,3.0,1.58,520675625.0,520675.63,60115.48,40.9,0.767,OPPORTUNITY_BOOST
2024-05-23,405774194.36,24.4,NVDA,3.0,2.66,866347190.0,866347.19,284657.33,43.6,0.555,VICTORY_LEARNED
2024-05-24,417062132.06,2.78,NVDA,3.0,1.13,457044799.0,457044.8,11458.09,44.0,0.505,NORMAL
2024-05-28,468074315.36,12.23,NVDA,3.0,1.78,743084604.0,743084.6,115253.6,43.2,0.561,VICTORY_LEARNED
2024-05-29,472577825.42,0.96,NVDA,3.0,1.37,639756303.0,639756.3,46557.96,43.2,0.574,OPPORTUNITY_BOOST
2024-05-30,451871382.23,-4.38,NVDA,3.0,1.13,535158016.0,535158.02,14060.96,43.6,0.638,OPPORTUNITY_BOOST
2024-05-31,445861874.58,-1.33,NVDA,3.0,1.49,671995780.0,671995.78,64951.53,43.5,0.665,OPPORTUNITY_BOOST
2024-06-03,470012675.15,5.42,NVDA,3.0,1.13,503893696.0,503893.7,13012.9,43.0,0.665,VICTORY_LEARNED
2024-06-04,475408478.48,1.15,NVDA,3.0,1.0,469378860.0,469378.86,0.0,42.3,0.702,OPPORTUNITY_BOOST
2024-06-05,508053975.76,6.87,NVDA,3.0,1.36,646645493.0,646645.49,46213.24,41.9,0.679,VICTORY_LEARNED
2024-06-06,497690072.8,-2.04,NVDA,3.0,1.58,803858763.0,803858.76,92863.4,42.1,0.706,OPPORTUNITY_BOOST
2024-06-07,496738691.76,-0.19,NVDA,3.0,1.0,498270972.0,498270.97,115.39,41.5,0.705,OPPORTUNITY_BOOST
2024-06-10,499203957.11,0.5,NVDA,3.0,0.77,381536717.0,381536.72,0.0,41.7,0.707,OPPORTUNITY_BOOST
2024-06-11,497013475.83,-0.44,NVDA,3.0,0.54,268971544.0,268971.54,0.0,41.5,0.703,OPPORTUNITY_BOOST
2024-06-12,509941490.56,2.6,NVDA,3.0,0.75,374932473.0,374932.47,0.0,42.1,0.659,VICTORY_LEARNED
2024-06-13,521500676.29,2.27,NVDA,3.0,0.66,337754542.0,337754.54,0.0,41.7,0.606,VICTORY_LEARNED
2024-06-14,528234457.13,1.29,NVDA,3.0,0.78,407757266.0,407757.27,0.0,41.5,0.594,OPPORTUNITY_BOOST
2024-06-17,525278982.98,-0.56,NVDA,3.0,0.72,377721401.0,377721.4,0.0,41.3,0.627,OPPORTUNITY_BOOST
2024-06-18,538888985.22,2.59,NVDA,3.0,0.76,398888779.0,398888.78,0.0,41.5,0.6,VICTORY_LEARNED
2024-06-20,514215097.31,-4.58,NVDA,3.0,1.26,676847874.0,676847.87,34380.4,42.2,0.649,OPPORTUNITY_BOOST
2024-06-21,486845798.84,-5.32,NVDA,3.0,1.6,821651949.0,821651.95,97469.44,41.6,0.783,OPPORTUNITY_BOOST
2024-06-24,486875306.43,0.01,GLD,1.0,0.02,9976985.0,9976.98,0.0,41.7,0.82,SCOUT_VETO
2024-06-25,521616362.44,7.14,NVDA,3.0,1.07,522031956.0,522031.96,7479.22,42.2,0.798,VICTORY_LEARNED
2024-06-26,522285351.56,0.13,NVDA,3.0,0.88,458605284.0,458605.28,0.0,42.2,0.8,OPPORTUNITY_BOOST
2024-06-27,516003925.44,-1.2,NVDA,3.0,0.6,313029663.0,313029.66,0.0,42.4,0.79,OPPORTUNITY_BOOST
2024-06-28,514200239.93,-0.35,NVDA,3.0,0.76,389622563.0,389622.56,0.0,42.6,0.77,OPPORTUNITY_BOOST
2024-07-01,516023815.86,0.35,NVDA,3.0,0.69,353961192.0,353961.19,0.0,42.6,0.766,OPPORTUNITY_BOOST
2024-07-02,512244718.04,-0.73,NVDA,3.0,0.52,267764773.0,267764.77,0.0,42.2,0.795,OPPORTUNITY_BOOST
2024-07-03,512357927.01,0.02,GLD,1.0,0.02,11020049.0,11020.05,0.0,42.0,0.804,SCOUT_VETO
2024-07-05,506943666.25,-1.06,NVDA,3.0,0.53,269383264.0,269383.26,0.0,42.3,0.791,OPPORTUNITY_BOOST
2024-07-08,512375635.76,1.07,NVDA,3.0,0.6,304571913.0,304571.91,0.0,42.6,0.763,OPPORTUNITY_BOOST
2024-07-09,512381568.48,0.0,GLD,1.0,0.02,8527118.0,8527.12,0.0,40.8,0.817,SCOUT_VETO
2024-07-10,521067001.14,1.7,NVDA,3.0,0.66,335753318.0,335753.32,0.0,40.5,0.777,NORMAL
2024-07-11,494021743.97,-5.19,NVDA,3.0,0.92,477268892.0,477268.89,0.0,42.3,0.756,TRAUMA_LEARNED
2024-07-12,498409805.2,0.89,NVDA,3.0,0.66,326424604.0,326424.6,0.0,42.2,0.781,OPPORTUNITY_BOOST
2024-07-15,496486709.72,-0.39,NVDA,3.0,0.54,267459676.0,267459.68,0.0,42.2,0.783,OPPORTUNITY_BOOST
2024-07-16,491822478.92,-0.94,NVDA,3.0,0.55,271266633.0,271266.63,0.0,42.7,0.739,NORMAL
2024-07-17,460887976.78,-6.29,NVDA,3.0,0.94,460065799.0,460065.8,0.0,42.8,0.771,TRAUMA_LEARNED
2024-07-18,470706911.02,2.13,NVDA,3.0,0.84,388507810.0,388507.81,0.0,42.7,0.789,NORMAL
2024-07-19,463768557.94,-1.47,NVDA,3.0,0.54,256062432.0,256062.43,0.0,42.8,0.787,NORMAL
2024-07-22,463760462.35,-0.0,GLD,1.0,0.03,11831034.0,11831.03,0.0,42.9,0.801,SCOUT_VETO
2024-07-23,461908609.4,-0.4,NVDA,3.0,0.46,213106282.0,213106.28,0.0,43.1,0.772,NORMAL
2024-07-24,461840285.31,-0.01,GLD,1.0,0.03,15168459.0,15168.46,0.0,42.8,0.801,SCOUT_VETO
2024-07-25,461484981.2,-0.08,GLD,1.0,0.05,21346343.0,21346.34,0.0,42.4,0.807,SCOUT_VETO
2024-07-26,461618113.99,0.03,GLD,1.0,0.03,13963232.0,13963.23,0.0,42.4,0.812,SCOUT_VETO
2024-07-29,461593394.47,-0.01,GLD,1.0,0.02,10278149.0,10278.15,0.0,42.0,0.826,SCOUT_VETO
2024-07-30,425524663.03,-7.81,NVDA,3.0,1.09,504776104.0,504776.1,9369.55,42.9,0.758,TRAUMA_LEARNED
2024-07-31,425808286.28,0.07,GLD,1.0,0.04,16575758.0,16575.76,0.0,42.1,0.852,SCOUT_VETO
2024-08-01,425735891.75,-0.02,GLD,1.0,0.04,16294273.0,16294.27,0.0,42.0,0.852,SCOUT_VETO
2024-08-02,425663177.51,-0.02,GLD,1.0,0.06,25033922.0,25033.92,0.0,41.8,0.848,SCOUT_VETO
2024-08-05,425390879.33,-0.06,GLD,1.0,0.05,19887487.0,19887.49,0.0,41.5,0.838,SCOUT_VETO
2024-08-06,425105578.34,-0.07,GLD,1.0,0.07,31697596.0,31697.6,0.0,41.7,0.847,SCOUT_VETO
2024-08-07,425085990.11,-0.0,GLD,1.0,0.03,11662243.0,11662.24,0.0,41.3,0.836,SCOUT_VETO
2024-08-08,425294168.27,0.05,GLD,1.0,0.03,14173336.0,14173.34,0.0,40.9,0.831,SCOUT_VETO
2024-08-09,425308681.17,0.0,GLD,1.0,0.02,9972709.0,9972.71,0.0,40.8,0.828,SCOUT_VETO
2024-08-12,425513759.84,0.05,GLD,1.0,0.03,12702566.0,12702.57,0.0,40.6,0.817,SCOUT_VETO
2024-08-13,425474833.18,-0.01,GLD,1.0,0.04,15371700.0,15371.7,0.0,40.7,0.807,SCOUT_VETO
2024-08-14,431762877.97,1.48,NVDA,3.0,0.94,400410762.0,400410.76,0.0,40.2,0.781,NORMAL
2024-08-15,447185538.66,3.57,NVDA,3.0,0.9,390634139.0,390634.14,0.0,40.2,0.756,VICTORY_LEARNED
2024-08-16,452083874.61,1.1,NVDA,5.0,0.84,376805226.0,376805.23,0.0,40.0,0.733,NORMAL
2024-08-19,469666882.77,3.89,NVDA,5.0,0.91,413656677.0,413656.68,0.0,39.5,0.641,VICTORY_LEARNED
2024-08-20,461210780.86,-1.8,NVDA,5.0,0.81,381697862.0,381697.86,0.0,39.6,0.687,NORMAL
2024-08-21,464133341.86,0.63,NVDA,5.0,0.72,331238648.0,331238.65,0.0,39.3,0.613,NORMAL
2024-08-22,446431894.41,-3.81,NVDA,5.0,1.0,465297228.0,465297.23,231.51,38.5,0.63,NORMAL
2024-08-23,465031569.94,4.17,NVDA,5.0,0.94,417984087.0,417984.09,0.0,38.4,0.592,VICTORY_LEARNED
2024-08-26,455173138.83,-2.12,NVDA,5.0,0.9,419622938.0,419622.94,0.0,38.4,0.637,NORMAL
2024-08-27,460440835.12,1.16,NVDA,5.0,0.85,388755323.0,388755.32,0.0,37.8,0.564,NORMAL
2024-08-28,448057295.89,-2.69,NVDA,5.0,1.22,562619013.0,562619.01,24772.41,37.9,0.597,NORMAL
2024-08-29,413506721.03,-7.71,NVDA,5.0,1.19,532482174.0,532482.17,19907.26,38.1,0.674,TRAUMA_LEARNED
2024-08-30,419136635.36,1.36,NVDA,5.0,0.96,398228843.0,398228.84,0.0,38.3,0.72,NORMAL
2024-09-03,369534150.45,-11.83,NVDA,5.0,1.23,515107045.0,515107.05,23401.77,38.4,0.752,TRAUMA_LEARNED
2024-09-04,362579296.66,-1.88,NVDA,5.0,1.07,395431449.0,395431.45,5498.45,38.4,0.781,NORMAL
2024-09-05,365346537.38,0.76,NVDA,5.0,0.91,328833887.0,328833.89,0.0,38.4,0.784,NORMAL
2024-09-06,347537844.68,-4.87,NVDA,5.0,1.16,425162102.0,425162.1,13811.26,38.3,0.768,TRAUMA_LEARNED
2024-09-09,357565250.75,2.89,NVDA,5.0,0.84,291509350.0,291509.35,0.0,38.2,0.795,VICTORY_LEARNED
2024-09-10,357599920.81,0.01,GLD,1.0,0.03,10184801.0,10184.8,0.0,38.2,0.802,SCOUT_VETO
2024-09-11,357572020.18,-0.01,GLD,1.0,0.03,10770129.0,10770.13,0.0,38.5,0.808,SCOUT_VETO
2024-09-12,357960821.91,0.11,GLD,1.0,0.07,23468042.0,23468.04,0.0,39.3,0.823,SCOUT_VETO
2024-09-13,358119964.32,0.04,GLD,1.0,0.05,17793832.0,17793.83,0.0,39.2,0.821,SCOUT_VETO
2024-09-16,358107772.98,-0.0,GLD,1.0,0.03,11249239.0,11249.24,0.0,39.3,0.825,SCOUT_VETO
2024-09-17,358026285.49,-0.02,GLD,1.0,0.03,12477201.0,12477.2,0.0,39.2,0.818,SCOUT_VETO
2024-09-18,357798967.62,-0.06,GLD,1.0,0.07,26097098.0,26097.1,0.0,38.7,0.8,SCOUT_VETO
2024-09-19,371180472.35,3.74,NVDA,5.0,0.97,345837566.0,345837.57,0.0,38.6,0.779,VICTORY_LEARNED
2024-09-20,371399938.98,0.06,GLD,1.0,0.05,18740757.0,18740.76,0.0,39.1,0.805,SCOUT_VETO
2024-09-23,371697470.89,0.08,NVDA,5.0,0.65,239679190.0,239679.19,0.0,39.1,0.799,NORMAL
2024-09-24,388262488.35,4.46,NVDA,5.0,1.15,428901516.0,428901.52,13096.77,39.2,0.776,VICTORY_LEARNED
2024-09-25,395588393.3,1.89,NVDA,5.0,0.91,351503833.0,351503.83,0.0,38.6,0.657,NORMAL
2024-09-26,396823208.83,0.31,NVDA,5.0,0.95,375195339.0,375195.34,0.0,38.3,0.631,NORMAL
2024-09-27,389494358.4,-1.85,NVDA,5.0,0.83,328892549.0,328892.55,0.0,38.2,0.658,NORMAL
2024-09-30,389309927.32,-0.05,NVDA,5.0,0.71,275032617.0,275032.62,0.0,38.2,0.647,NORMAL
2024-10-01,376038431.64,-3.41,NVDA,5.0,0.91,353329563.0,353329.56,0.0,38.4,0.726,NORMAL
2024-10-02,379942488.8,1.04,NVDA,5.0,0.7,263573602.0,263573.6,0.0,38.4,0.717,NORMAL
2024-10-03,391056017.66,2.93,NVDA,5.0,0.9,340322922.0,340322.92,0.0,38.5,0.69,VICTORY_LEARNED
2024-10-04,395879108.91,1.23,NVDA,5.0,0.78,304298493.0,304298.49,0.0,38.9,0.705,NORMAL
2024-10-07,405335713.51,2.39,NVDA,5.0,1.12,442079391.0,442079.39,10236.51,39.5,0.727,NORMAL
2024-10-08,420320637.65,3.7,NVDA,5.0,0.94,379566620.0,379566.62,0.0,39.9,0.701,VICTORY_LEARNED
2024-10-09,419404595.03,-0.22,NVDA,5.0,0.78,326461346.0,326461.35,0.0,39.9,0.715,OPPORTUNITY_BOOST
2024-10-10,424395403.22,1.19,NVDA,3.0,0.78,326548049.0,326548.05,0.0,40.1,0.704,OPPORTUNITY_BOOST
2024-10-11,424149029.01,-0.06,NVDA,5.0,0.54,229363872.0,229363.87,0.0,39.7,0.682,NORMAL
2024-10-14,431607773.85,1.76,NVDA,5.0,0.76,320692687.0,320692.69,0.0,39.6,0.654,NORMAL
2024-10-15,407803592.89,-5.52,NVDA,3.0,1.15,497055429.0,497055.43,14954.75,40.4,0.786,TRAUMA_LEARNED
2024-10-16,418694985.52,2.67,NVDA,3.0,0.88,359371621.0,359371.62,0.0,40.4,0.782,VICTORY_LEARNED
2024-10-17,422015053.54,0.79,NVDA,3.0,1.0,419459014.0,419459.01,151.87,40.4,0.773,OPPORTUNITY_BOOST
2024-10-18,423670383.85,0.39,NVDA,3.0,0.58,242921289.0,242921.29,0.0,41.1,0.76,OPPORTUNITY_BOOST
2024-10-21,439016063.86,3.62,NVDA,3.0,0.9,380061144.0,380061.14,0.0,41.4,0.708,VICTORY_LEARNED
2024-10-22,438419947.18,-0.14,NVDA,3.0,0.74,324849589.0,324849.59,0.0,41.5,0.7,OPPORTUNITY_BOOST
2024-10-23,426825285.3,-2.64,NVDA,3.0,0.91,398907297.0,398907.3,0.0,40.1,0.799,OPPORTUNITY_BOOST
2024-10-24,426926169.06,0.02,GLD,1.0,0.04,15072442.0,15072.44,0.0,40.4,0.807,SCOUT_VETO
2024-10-25,426938015.83,0.0,GLD,1.0,0.03,11208144.0,11208.14,0.0,40.2,0.802,SCOUT_VETO
2024-10-28,426928211.62,-0.0,GLD,1.0,0.02,10206919.0,10206.92,0.0,40.2,0.817,SCOUT_VETO
2024-10-29,427861678.83,0.22,NVDA,3.0,0.52,222524755.0,222524.76,0.0,40.2,0.799,OPPORTUNITY_BOOST
2024-10-30,427935775.8,0.02,GLD,1.0,0.04,16444465.0,16444.46,0.0,40.7,0.83,SCOUT_VETO
2024-10-31,427520500.56,-0.1,GLD,1.0,0.06,25175571.0,25175.57,0.0,40.1,0.854,SCOUT_VETO
2024-11-01,427437115.58,-0.02,GLD,1.0,0.04,16342383.0,16342.38,0.0,39.8,0.844,SCOUT_VETO
2024-11-04,427442049.01,0.0,GLD,1.0,0.03,11583154.0,11583.15,0.0,39.6,0.827,SCOUT_VETO
2024-11-05,427461216.68,0.0,GLD,1.0,0.04,15279766.0,15279.77,0.0,40.4,0.847,SCOUT_VETO
2024-11-06,441462587.3,3.28,NVDA,3.0,0.82,352319501.0,352319.5,0.0,42.4,0.654,VICTORY_LEARNED
2024-11-07,448083398.47,1.5,NVDA,3.0,0.7,308557310.0,308557.31,0.0,42.0,0.702,OPPORTUNITY_BOOST
2024-11-08,445647430.71,-0.54,NVDA,3.0,0.58,259246599.0,259246.6,0.0,42.2,0.696,OPPORTUNITY_BOOST
2024-11-11,441132414.65,-1.01,NVDA,3.0,0.59,264755489.0,264755.49,0.0,41.5,0.797,OPPORTUNITY_BOOST
2024-11-12,440897849.99,-0.05,GLD,1.0,0.06,24354273.0,24354.27,0.0,41.0,0.81,SCOUT_VETO
2024-11-13,440675823.8,-0.05,GLD,1.0,0.05,20036249.0,20036.25,0.0,40.8,0.833,SCOUT_VETO
2024-11-14,440605147.01,-0.02,GLD,1.0,0.04,19582714.0,19582.71,0.0,40.5,0.828,SCOUT_VETO
2024-11-15,440557273.69,-0.01,GLD,1.0,0.04,17269887.0,17269.89,0.0,40.6,0.856,SCOUT_VETO
2024-11-18,440831993.87,0.06,GLD,1.0,0.03,15245085.0,15245.08,0.0,41.0,0.848,SCOUT_VETO
2024-11-19,440959372.21,0.03,GLD,1.0,0.04,16003661.0,16003.66,0.0,40.4,0.836,SCOUT_VETO
2024-11-20,441034504.07,0.02,GLD,1.0,0.04,16220018.0,16220.02,0.0,40.3,0.84,SCOUT_VETO
2024-11-21,441172931.53,0.03,GLD,1.0,0.04,18860611.0,18860.61,0.0,40.4,0.837,SCOUT_VETO
2024-11-22,441395856.9,0.05,GLD,1.0,0.04,18745495.0,18745.49,0.0,40.9,0.851,SCOUT_VETO
2024-11-25,440603146.26,-0.18,GLD,1.0,0.06,26025620.0,26025.62,0.0,39.8,0.847,SCOUT_VETO
2024-11-26,440614421.05,0.0,GLD,1.0,0.03,12016064.0,12016.06,0.0,39.4,0.834,SCOUT_VETO
2024-11-27,440635054.75,0.0,GLD,1.0,0.04,16875318.0,16875.32,0.0,39.6,0.839,SCOUT_VETO
2024-11-29,440685771.74,0.01,GLD,1.0,0.02,6651805.0,6651.81,0.0,39.5,0.839,SCOUT_VETO
2024-12-02,440572621.48,-0.03,GLD,1.0,0.03,11599916.0,11599.92,0.0,39.6,0.838,SCOUT_VETO
2024-12-03,440581410.9,0.0,GLD,1.0,0.02,8678541.0,8678.54,0.0,39.5,0.832,SCOUT_VETO
2024-12-04,451918295.79,2.57,NVDA,5.0,0.76,335484105.0,335484.1,0.0,39.3,0.793,VICTORY_LEARNED
2024-12-05,451820274.89,-0.02,GLD,1.0,0.03,11672337.0,11672.34,0.0,39.5,0.811,SCOUT_VETO
2024-12-06,451814860.44,-0.0,GLD,1.0,0.02,8602131.0,8602.13,0.0,39.6,0.829,SCOUT_VETO
2024-12-09,451917973.99,0.02,GLD,1.0,0.03,11560136.0,11560.14,0.0,40.0,0.849,SCOUT_VETO
2024-12-10,452058344.66,0.03,GLD,1.0,0.03,11539548.0,11539.55,0.0,40.3,0.85,SCOUT_VETO
2024-12-11,452294649.55,0.05,GLD,1.0,0.06,27690425.0,27690.43,0.0,40.2,0.854,SCOUT_VETO
2024-12-12,451901522.52,-0.09,GLD,1.0,0.06,25097931.0,25097.93,0.0,39.9,0.847,SCOUT_VETO
2024-12-13,451690362.02,-0.05,GLD,1.0,0.04,16129491.0,16129.49,0.0,40.2,0.854,SCOUT_VETO
2024-12-16,451701833.05,0.0,GLD,1.0,0.02,8105528.0,8105.53,0.0,40.2,0.85,SCOUT_VETO
2024-12-17,451649646.93,-0.01,GLD,1.0,0.02,10785319.0,10785.32,0.0,40.2,0.842,SCOUT_VETO
2024-12-18,451262525.35,-0.09,GLD,1.0,0.04,19178603.0,19178.6,0.0,39.9,0.809,SCOUT_VETO
2024-12-19,454750442.43,0.77,NVDA,5.0,0.61,273986058.0,273986.06,0.0,38.3,0.685,NORMAL
2024-12-20,467035768.77,2.7,NVDA,5.0,0.91,412781106.0,412781.11,0.0,38.5,0.737,VICTORY_LEARNED
2024-12-23,475860137.39,1.89,NVDA,5.0,0.53,245826654.0,245826.65,0.0,39.0,0.768,VICTORY_LEARNED
2024-12-24,476293225.88,0.09,NVDA,5.0,0.31,147410824.0,147410.82,0.0,39.1,0.766,NORMAL
2024-12-26,475794460.83,-0.1,NVDA,5.0,0.34,162562035.0,162562.03,0.0,38.7,0.723,NORMAL
2024-12-27,470685067.67,-1.07,NVDA,5.0,0.49,233651310.0,233651.31,0.0,38.7,0.739,NORMAL
2024-12-30,471262221.14,0.12,NVDA,5.0,0.49,230555358.0,230555.36,0.0,38.6,0.718,NORMAL
2024-12-31,466189430.95,-1.08,NVDA,5.0,0.44,208977583.0,208977.58,0.0,38.8,0.759,NORMAL
2025-01-02,474121183.27,1.7,NVDA,5.0,0.59,274120738.0,274120.74,0.0,38.2,0.683,NORMAL
2025-01-03,488541339.18,3.04,NVDA,5.0,0.7,331211625.0,331211.62,0.0,39.2,0.751,VICTORY_LEARNED
2025-01-06,501755768.77,2.7,NVDA,5.0,0.81,396444988.0,396444.99,0.0,39.4,0.725,VICTORY_LEARNED
2025-01-07,501813449.65,0.01,GLD,1.0,0.02,12448838.0,12448.84,0.0,40.3,0.846,SCOUT_VETO
2025-01-08,501880331.03,0.01,GLD,1.0,0.03,15497293.0,15497.29,0.0,39.7,0.828,SCOUT_VETO
2025-01-10,502143316.32,0.05,GLD,1.0,0.06,30728647.0,30728.65,0.0,41.5,0.832,SCOUT_VETO
2025-01-13,501915950.84,-0.05,GLD,1.0,0.04,20761590.0,20761.59,0.0,41.2,0.846,SCOUT_VETO
2025-01-14,501967543.21,0.01,GLD,1.0,0.02,12141030.0,12141.03,0.0,41.2,0.844,SCOUT_VETO
2025-01-15,502070013.75,0.02,GLD,1.0,0.03,15791436.0,15791.44,0.0,41.3,0.843,SCOUT_VETO
2025-01-16,502206825.51,0.03,GLD,1.0,0.05,23145417.0,23145.42,0.0,41.4,0.841,SCOUT_VETO
2025-01-17,502076129.01,-0.03,GLD,1.0,0.04,20721566.0,20721.57,0.0,41.7,0.82,SCOUT_VETO
2025-01-21,502357290.9,0.06,GLD,1.0,0.04,19410262.0,19410.26,0.0,41.3,0.831,SCOUT_VETO
2025-01-22,502412152.28,0.01,GLD,1.0,0.03,13265471.0,13265.47,0.0,41.2,0.812,SCOUT_VETO
2025-01-23,502372201.23,-0.01,GLD,1.0,0.03,16543769.0,16543.77,0.0,40.9,0.807,SCOUT_VETO
2025-01-24,502470146.07,0.02,GLD,1.0,0.04,18768033.0,18768.03,0.0,40.9,0.842,SCOUT_VETO
2025-01-27,502302804.34,-0.03,GLD,1.0,0.03,14672914.0,14672.91,0.0,40.7,0.85,SCOUT_VETO
2025-01-28,502406979.07,0.02,GLD,1.0,0.03,13606197.0,13606.2,0.0,40.9,0.86,SCOUT_VETO
2025-01-29,502337191.42,-0.01,GLD,1.0,0.03,14417715.0,14417.72,0.0,40.9,0.859,SCOUT_VETO
2025-01-30,502811037.8,0.09,GLD,1.0,0.07,33497985.0,33497.99,0.0,40.9,0.86,SCOUT_VETO
2025-01-31,502833660.79,0.0,GLD,1.0,0.05,23169820.0,23169.82,0.0,41.0,0.858,SCOUT_VETO
2025-02-03,502963553.17,0.03,GLD,1.0,0.06,29947948.0,29947.95,0.0,41.0,0.856,SCOUT_VETO
2025-02-04,503192349.34,0.05,GLD,1.0,0.05,25857300.0,25857.3,0.0,40.8,0.858,SCOUT_VETO
2025-02-05,503366840.83,0.03,GLD,1.0,0.07,33494590.0,33494.59,0.0,40.7,0.86,SCOUT_VETO
2025-02-06,503282880.82,-0.02,GLD,1.0,0.05,23001126.0,23001.13,0.0,41.1,0.858,SCOUT_VETO
2025-02-07,503301824.09,0.0,GLD,1.0,0.05,24157405.0,24157.41,0.0,40.8,0.856,SCOUT_VETO
2025-02-10,503868585.16,0.11,GLD,1.0,0.07,35559829.0,35559.83,0.0,39.2,0.822,SCOUT_VETO
2025-02-11,502261859.85,-0.32,NVDA,5.0,0.47,237517450.0,237517.45,0.0,38.8,0.783,OPPORTUNITY_BOOST
2025-02-12,499425055.89,-0.56,NVDA,5.0,0.42,210131882.0,210131.88,0.0,38.7,0.773,NORMAL
2025-02-13,507608309.66,1.64,NVDA,5.0,0.53,267029980.0,267029.98,0.0,38.6,0.751,VICTORY_LEARNED
2025-02-14,514477221.23,1.35,NVDA,5.0,0.53,271349195.0,271349.2,0.0,39.0,0.735,OPPORTUNITY_BOOST
2025-02-18,515381689.87,0.18,NVDA,5.0,0.59,305448625.0,305448.62,0.0,39.1,0.693,OPPORTUNITY_BOOST
2025-02-19,514864109.07,-0.1,NVDA,5.0,0.45,233196584.0,233196.58,0.0,38.6,0.662,NORMAL
2025-02-20,515936550.04,0.21,NVDA,5.0,0.39,201568198.0,201568.2,0.0,38.3,0.581,NORMAL
2025-02-21,503195977.17,-2.47,NVDA,5.0,0.59,306709014.0,306709.01,0.0,38.2,0.665,TRAUMA_LEARNED
2025-02-24,492761110.34,-2.07,NVDA,5.0,0.65,327409767.0,327409.77,0.0,38.3,0.755,NORMAL
2025-02-25,482790524.21,-2.02,NVDA,5.0,0.7,343616181.0,343616.18,0.0,37.9,0.731,NORMAL
2025-02-26,497912485.34,3.13,NVDA,5.0,0.88,423332864.0,423332.86,0.0,38.2,0.765,VICTORY_LEARNED
2025-02-27,497509147.66,-0.08,GLD,1.0,0.05,24836127.0,24836.13,0.0,38.0,0.806,SCOUT_VETO
2025-02-28,497289081.25,-0.04,GLD,1.0,0.06,30287896.0,30287.9,0.0,38.5,0.828,SCOUT_VETO
2025-03-03,497540085.78,0.05,GLD,1.0,0.04,20607265.0,20607.26,0.0,39.4,0.845,SCOUT_VETO
2025-03-04,497715744.18,0.04,GLD,1.0,0.05,22819786.0,22819.79,0.0,39.2,0.848,SCOUT_VETO
2025-03-05,497736124.21,0.0,GLD,1.0,0.04,18847516.0,18847.52,0.0,39.4,0.851,SCOUT_VETO
2025-03-06,497636022.11,-0.02,GLD,1.0,0.03,16460893.0,16460.89,0.0,39.3,0.84,SCOUT_VETO
2025-03-07,497622638.64,-0.0,GLD,1.0,0.06,27996299.0,27996.3,0.0,39.4,0.848,SCOUT_VETO
2025-03-10,497425541.27,-0.04,GLD,1.0,0.04,20202812.0,20202.81,0.0,39.2,0.836,SCOUT_VETO
2025-03-11,497669141.77,0.05,GLD,1.0,0.05,22707953.0,22707.95,0.0,39.8,0.848,SCOUT_VETO
2025-03-12,497734610.46,0.01,GLD,1.0,0.04,19561618.0,19561.62,0.0,40.2,0.861,SCOUT_VETO
2025-03-13,498368109.85,0.13,GLD,1.0,0.08,37806990.0,37806.99,0.0,40.2,0.86,SCOUT_VETO
2025-03-14,498346029.44,-0.0,GLD,1.0,0.07,36785825.0,36785.82,0.0,40.4,0.86,SCOUT_VETO
2025-03-17,498450863.4,0.02,GLD,1.0,0.05,23752844.0,23752.84,0.0,40.0,0.861,SCOUT_VETO
2025-03-18,498737580.01,0.06,GLD,1.0,0.05,26866361.0,26866.36,0.0,40.3,0.861,SCOUT_VETO
2025-03-19,498814651.43,0.02,GLD,1.0,0.05,24800085.0,24800.09,0.0,40.4,0.861,SCOUT_VETO
2025-03-20,498777110.23,-0.01,GLD,1.0,0.03,16461215.0,16461.21,0.0,40.4,0.859,SCOUT_VETO
2025-03-21,498541227.14,-0.05,GLD,1.0,0.05,26064714.0,26064.71,0.0,40.2,0.859,SCOUT_VETO
2025-03-24,498422253.34,-0.02,GLD,1.0,0.04,21819852.0,21819.85,0.0,40.2,0.845,SCOUT_VETO
2025-03-25,498470452.43,0.01,GLD,1.0,0.03,14174680.0,14174.68,0.0,40.6,0.845,SCOUT_VETO
2025-03-26,498451565.26,-0.0,GLD,1.0,0.02,10343572.0,10343.57,0.0,40.5,0.86,SCOUT_VETO
2025-03-27,498748070.01,0.06,GLD,1.0,0.05,23900623.0,23900.62,0.0,40.8,0.854,SCOUT_VETO
2025-03-28,498922265.88,0.03,GLD,1.0,0.05,27166646.0,27166.65,0.0,40.8,0.845,SCOUT_VETO
2025-03-31,499458448.97,0.11,GLD,1.0,0.08,40123785.0,40123.79,0.0,40.3,0.853,SCOUT_VETO
2025-04-01,499322071.34,-0.03,GLD,1.0,0.09,45791498.0,45791.5,0.0,40.5,0.857,SCOUT_VETO
2025-04-02,499355633.17,0.01,GLD,1.0,0.06,31913144.0,31913.14,0.0,40.4,0.859,SCOUT_VETO
2025-04-03,498941881.03,-0.08,GLD,1.0,0.12,58785989.0,58785.99,0.0,40.2,0.836,SCOUT_VETO
2025-04-04,497473761.66,-0.29,GLD,1.0,0.12,60187912.0,60187.91,0.0,39.5,0.806,SCOUT_VETO
2025-04-07,496254722.05,-0.25,GLD,1.0,0.11,54213738.0,54213.74,0.0,40.4,0.831,SCOUT_VETO
2025-04-08,496409294.56,0.03,GLD,1.0,0.07,34783906.0,34783.91,0.0,40.5,0.824,SCOUT_VETO
2025-04-09,499012238.38,0.52,GLD,1.0,0.15,72321572.0,72321.57,0.0,39.8,0.852,VICTORY_LEARNED
2025-04-10,500370707.83,0.27,GLD,1.0,0.12,57995810.0,57995.81,0.0,41.1,0.86,SCOUT_VETO
2025-04-11,501506621.65,0.23,GLD,1.0,0.13,62803940.0,62803.94,0.0,40.7,0.857,SCOUT_VETO
2025-04-14,501259745.93,-0.05,GLD,1.0,0.07,36814281.0,36814.28,0.0,40.2,0.858,SCOUT_VETO
2025-04-15,501359614.78,0.02,GLD,1.0,0.05,23596385.0,23596.38,0.0,40.2,0.855,SCOUT_VETO
2025-04-16,503374644.37,0.4,GLD,1.0,0.13,63886424.0,63886.42,0.0,41.5,0.857,VICTORY_LEARNED
2025-04-17,503072859.34,-0.06,GLD,1.0,0.11,55982612.0,55982.61,0.0,41.4,0.857,SCOUT_VETO
2025-04-21,504997506.16,0.38,GLD,1.0,0.13,64292941.0,64292.94,0.0,41.8,0.849,VICTORY_LEARNED
2025-04-22,503331417.89,-0.33,GLD,1.0,0.22,109642314.0,109642.31,0.0,42.2,0.842,SCOUT_VETO
2025-04-23,501403257.85,-0.38,GLD,1.0,0.15,77192383.0,77192.38,0.0,42.8,0.826,SCOUT_VETO
2025-04-24,501856175.67,0.09,GLD,1.0,0.07,33410192.0,33410.19,0.0,41.2,0.842,SCOUT_VETO
2025-04-25,501470367.67,-0.08,GLD,1.0,0.06,32580514.0,32580.51,0.0,41.4,0.814,SCOUT_VETO
2025-04-28,501854082.22,0.08,GLD,1.0,0.06,28976859.0,28976.86,0.0,41.3,0.827,SCOUT_VETO
2025-04-29,501628870.45,-0.04,GLD,1.0,0.04,20971537.0,20971.54,0.0,41.4,0.824,SCOUT_VETO
2025-04-30,501414187.03,-0.04,GLD,1.0,0.05,25309812.0,25309.81,0.0,41.2,0.829,SCOUT_VETO
2025-05-01,500444730.57,-0.19,GLD,1.0,0.09,44527084.0,44527.08,0.0,41.2,0.8,SCOUT_VETO
2025-05-02,505864941.82,1.08,NVDA,3.0,0.44,217733533.0,217733.53,0.0,41.2,0.775,OPPORTUNITY_BOOST
2025-05-05,504813432.1,-0.21,NVDA,3.0,0.3,151538852.0,151538.85,0.0,41.0,0.772,OPPORTUNITY_BOOST
2025-05-06,504190781.41,-0.12,NVDA,3.0,0.36,179957312.0,179957.31,0.0,40.9,0.794,OPPORTUNITY_BOOST
2025-05-07,511450961.46,1.44,NVDA,3.0,0.48,241987930.0,241987.93,0.0,41.2,0.74,VICTORY_LEARNED
2025-05-08,511834768.86,0.08,NVDA,3.0,0.46,232852814.0,232852.81,0.0,41.2,0.722,OPPORTUNITY_BOOST
2025-05-09,510728318.01,-0.22,NVDA,3.0,0.3,155083921.0,155083.92,0.0,41.0,0.728,OPPORTUNITY_BOOST
2025-05-12,525515690.78,2.9,NVDA,3.0,0.54,276728443.0,276728.44,0.0,41.8,0.594,VICTORY_LEARNED
2025-05-13,549270977.85,4.52,NVDA,3.0,0.82,429249906.0,429249.91,0.0,41.9,0.566,VICTORY_LEARNED
2025-05-14,564732872.53,2.81,NVDA,3.0,0.69,380481008.0,380481.01,0.0,42.2,0.487,VICTORY_LEARNED
2025-05-15,563276107.55,-0.26,NVDA,3.0,0.54,305513270.0,305513.27,0.0,42.2,0.524,NORMAL
2025-05-16,564265949.63,0.18,NVDA,3.0,0.54,306682877.0,306682.88,0.0,42.4,0.518,NORMAL
2025-05-19,564332849.99,0.01,NVDA,3.0,0.46,261812165.0,261812.17,0.0,43.3,0.424,NORMAL
2025-05-20,562211060.99,-0.38,NVDA,3.0,0.38,217003407.0,217003.41,0.0,43.2,0.469,NORMAL
2025-05-21,555008013.47,-1.28,NVDA,3.0,0.63,356597530.0,356597.53,0.0,43.2,0.521,NORMAL
2025-05-22,556703584.73,0.31,NVDA,3.0,0.45,248803872.0,248803.87,0.0,47.9,0.104,NORMAL
2025-05-23,553416802.84,-0.59,NVDA,3.0,0.47,260985114.0,260985.11,0.0,47.7,0.122,NORMAL
2025-05-27,561537694.56,1.47,NVDA,3.0,0.47,261404667.0,261404.67,0.0,48.2,0.055,VICTORY_LEARNED
2025-05-28,559041262.59,-0.44,NVDA,3.0,0.73,409776474.0,409776.47,0.0,48.0,-0.02,NORMAL
2025-05-29,575222654.53,2.89,NVDA,3.0,0.92,513854564.0,513854.56,0.0,47.9,-0.044,VICTORY_LEARNED
2025-05-30,561642719.15,-2.36,NVDA,3.0,0.78,450132157.0,450132.16,0.0,46.8,0.053,NORMAL
2025-06-02,565891862.93,0.76,NVDA,3.0,0.48,271500293.0,271500.29,0.0,46.8,0.065,NORMAL
2025-06-03,574476071.29,1.52,NVDA,3.0,0.56,318504558.0,318504.56,0.0,46.3,0.116,NORMAL
2025-06-04,575414370.67,0.16,NVDA,3.0,0.41,237134791.0,237134.79,0.0,46.2,0.112,NORMAL
2025-06-05,570686067.37,-0.82,NVDA,3.0,0.56,323875144.0,323875.14,0.0,45.6,0.145,NORMAL
2025-06-06,573164253.92,0.43,NVDA,3.0,0.38,218189630.0,218189.63,0.0,46.1,0.111,NORMAL
2025-06-09,574595354.32,0.25,NVDA,3.0,0.46,263980915.0,263980.91,0.0,45.9,0.108,NORMAL
2025-06-10,576463167.97,0.33,NVDA,3.0,0.39,224366873.0,224366.87,0.0,45.7,0.092,NORMAL
2025-06-11,574360303.78,-0.36,NVDA,3.0,0.42,239490501.0,239490.5,0.0,45.8,0.088,NORMAL
2025-06-12,577701345.31,0.58,NVDA,3.0,0.41,235402865.0,235402.86,0.0,45.8,0.052,NORMAL
2025-06-13,572080884.85,-0.97,NVDA,3.0,0.44,256682231.0,256682.23,0.0,45.7,0.025,NORMAL
2025-06-16,576892043.17,0.84,NVDA,3.0,0.46,264946451.0,264946.45,0.0,45.8,0.014,NORMAL
2025-06-17,575901865.74,-0.17,NVDA,3.0,0.35,200459964.0,200459.96,0.0,45.6,-0.015,NORMAL
2025-06-18,577883748.23,0.34,NVDA,3.0,0.41,234915267.0,234915.27,0.0,45.6,-0.013,NORMAL
2025-06-20,573618944.44,-0.74,NVDA,3.0,0.6,349453323.0,349453.32,0.0,45.2,0.006,NORMAL
2025-06-23,573891329.69,0.05,NVDA,3.0,0.39,222442203.0,222442.2,0.0,45.5,-0.019,NORMAL
2025-06-24,580790342.83,1.2,NVDA,3.0,0.48,277379140.0,277379.14,0.0,45.8,0.008,NORMAL
2025-06-25,598373117.66,3.03,NVDA,3.0,0.72,415273427.0,415273.43,0.0,44.6,0.188,VICTORY_LEARNED
2025-06-26,599479125.19,0.18,NVDA,3.0,0.51,307131035.0,307131.04,0.0,45.2,0.127,NORMAL
2025-06-27,606375947.4,1.15,NVDA,3.0,0.69,415205871.0,415205.87,0.0,44.6,0.174,NORMAL
2025-06-30,606536248.64,0.03,NVDA,3.0,0.51,307382986.0,307382.99,0.0,44.3,0.138,NORMAL
2025-07-01,596510948.7,-1.65,NVDA,3.0,0.54,326712557.0,326712.56,0.0,44.7,0.205,NORMAL
2025-07-02,603178538.47,1.12,NVDA,3.0,0.45,269219721.0,269219.72,0.0,44.5,0.23,NORMAL
2025-07-03,605992816.32,0.47,NVDA,3.0,0.38,228971571.0,228971.57,0.0,44.4,0.244,NORMAL
2025-07-07,604240380.67,-0.29,NVDA,3.0,0.37,221731114.0,221731.11,0.0,44.1,0.272,NORMAL
2025-07-08,606477288.59,0.37,NVDA,3.0,0.37,220988034.0,220988.03,0.0,44.2,0.258,NORMAL
2025-07-09,611562104.63,0.84,NVDA,3.0,0.49,299106037.0,299106.04,0.0,43.5,0.323,NORMAL
2025-07-10,613348017.91,0.29,NVDA,3.0,0.45,275171603.0,275171.6,0.0,42.7,0.346,NORMAL
2025-07-11,614624247.17,0.21,NVDA,3.0,0.52,319304254.0,319304.25,0.0,42.8,0.332,NORMAL
2025-07-14,613241379.83,-0.22,NVDA,3.0,0.37,224711020.0,224711.02,0.0,43.1,0.296,NORMAL
2025-07-15,628754405.86,2.53,NVDA,3.0,0.64,393636835.0,393636.84,0.0,44.1,0.224,VICTORY_LEARNED
2025-07-16,629550494.58,0.13,NVDA,3.0,0.43,272159045.0,272159.05,0.0,45.0,0.031,NORMAL
2025-07-17,631918627.88,0.38,NVDA,3.0,0.44,278223934.0,278223.93,0.0,44.7,0.033,NORMAL
2025-07-18,630805099.27,-0.18,NVDA,3.0,0.4,252477193.0,252477.19,0.0,44.8,0.046,NORMAL
2025-07-21,629333637.78,-0.23,NVDA,3.0,0.33,210989881.0,210989.88,0.0,45.4,0.006,NORMAL
2025-07-22,620824773.2,-1.35,NVDA,3.0,0.51,322522687.0,322522.69,0.0,45.8,0.06,NORMAL
2025-07-23,626468794.32,0.91,NVDA,3.0,0.42,263112096.0,263112.1,0.0,46.1,0.051,NORMAL
2025-07-24,630128407.64,0.58,NVDA,3.0,0.36,224072738.0,224072.74,0.0,46.2,0.05,NORMAL
2025-07-25,629623087.54,-0.08,NVDA,3.0,0.34,212195870.0,212195.87,0.0,45.8,0.076,NORMAL
2025-07-28,634011109.89,0.7,NVDA,3.0,0.39,247463803.0,247463.8,0.0,46.4,0.04,NORMAL
2025-07-29,631843763.22,-0.34,NVDA,3.0,0.43,270391107.0,270391.11,0.0,45.8,0.002,NORMAL
2025-07-30,638225143.19,1.01,NVDA,3.0,0.49,312454486.0,312454.49,0.0,46.0,0.017,NORMAL
2025-07-31,634751833.05,-0.54,NVDA,3.0,0.62,394267633.0,394267.63,0.0,46.1,0.017,NORMAL
2025-08-01,626107576.18,-1.36,NVDA,3.0,0.56,355267959.0,355267.96,0.0,46.8,0.023,NORMAL
2025-08-04,635481567.31,1.5,NVDA,3.0,0.43,266684390.0,266684.39,0.0,46.4,0.09,VICTORY_LEARNED
2025-08-05,632507900.67,-0.47,NVDA,3.0,0.44,278780939.0,278780.94,0.0,46.2,0.067,NORMAL
2025-08-06,633863379.91,0.21,NVDA,3.0,0.39,246122831.0,246122.83,0.0,45.9,0.071,NORMAL
2025-08-07,635654445.3,0.28,NVDA,3.0,0.43,274519837.0,274519.84,0.0,46.4,0.035,NORMAL
2025-08-08,637835713.07,0.34,NVDA,3.0,0.35,225420499.0,225420.5,0.0,46.4,0.031,NORMAL
2025-08-11,636701848.68,-0.18,NVDA,3.0,0.39,251802995.0,251803.0,0.0,45.7,0.067,NORMAL
2025-08-12,638045249.16,0.21,NVDA,3.0,0.42,266441755.0,266441.76,0.0,45.7,0.057,NORMAL
2025-08-13,634919190.99,-0.49,NVDA,3.0,0.51,326592428.0,326592.43,0.0,45.4,0.065,NORMAL
2025-08-14,635241735.61,0.05,NVDA,3.0,0.37,235787766.0,235787.77,0.0,45.7,0.036,NORMAL
2025-08-15,632522003.91,-0.43,NVDA,3.0,0.44,282557003.0,282557.0,0.0,45.5,0.004,NORMAL
2025-08-18,634358643.69,0.29,NVDA,3.0,0.38,240240823.0,240240.82,0.0,45.4,-0.11,NORMAL
2025-08-19,622648479.48,-1.85,NVDA,3.0,0.51,325300106.0,325300.11,0.0,44.4,0.086,NORMAL
2025-08-20,621755578.31,-0.14,NVDA,3.0,0.61,377318000.0,377318.0,0.0,44.6,0.059,NORMAL
2025-08-21,620923865.33,-0.13,NVDA,3.0,0.39,245016102.0,245016.1,0.0,44.6,0.054,NORMAL
2025-08-22,625906207.11,0.8,NVDA,3.0,0.5,307513403.0,307513.4,0.0,44.2,0.104,NORMAL
2025-08-25,628609956.55,0.43,NVDA,3.0,0.47,293080478.0,293080.48,0.0,44.4,0.104,NORMAL
2025-08-26,631645316.04,0.48,NVDA,3.0,0.49,306590186.0,306590.19,0.0,44.1,0.14,NORMAL
2025-08-27,630817694.18,-0.13,NVDA,3.0,0.68,427654396.0,427654.4,0.0,44.1,0.131,NORMAL
2025-08-28,626312666.14,-0.71,NVDA,3.0,0.8,507640189.0,507640.19,0.0,44.2,0.127,NORMAL
2025-08-29,611803863.13,-2.32,NVDA,3.0,0.68,423659118.0,423659.12,0.0,44.7,0.161,NORMAL
2025-09-02,603703815.31,-1.32,NVDA,3.0,0.65,394739181.0,394739.18,0.0,45.2,0.115,NORMAL
2025-09-03,603160515.7,-0.09,NVDA,3.0,0.46,280510345.0,280510.34,0.0,44.8,0.079,NORMAL
2025-09-04,604399540.09,0.21,NVDA,3.0,0.4,243163661.0,243163.66,0.0,44.4,0.12,NORMAL
2025-09-05,593893267.79,-1.74,NVDA,3.0,0.62,374820049.0,374820.05,0.0,44.7,0.144,NORMAL
2025-09-08,595746334.31,0.31,NVDA,3.0,0.46,275608882.0,275608.88,0.0,44.5,0.132,NORMAL
2025-09-09,599393013.7,0.61,NVDA,3.0,0.45,268999493.0,268999.49,0.0,44.4,0.161,NORMAL
2025-09-10,614466690.29,2.51,NVDA,3.0,0.67,402231587.0,402231.59,0.0,44.2,0.294,VICTORY_LEARNED
2025-09-11,613972358.33,-0.08,NVDA,3.0,0.44,267794029.0,267794.03,0.0,43.5,0.397,NORMAL
2025-09-12,614565108.31,0.1,NVDA,3.0,0.36,222104379.0,222104.38,0.0,43.5,0.399,NORMAL
2025-09-15,614200807.52,-0.06,NVDA,3.0,0.43,261387431.0,261387.43,0.0,42.5,0.506,NORMAL
2025-09-16,609980980.59,-0.69,NVDA,3.0,0.4,246108571.0,246108.57,0.0,42.8,0.434,NORMAL
2025-09-17,600152344.99,-1.61,NVDA,3.0,0.59,360728719.0,360728.72,0.0,42.1,0.649,NORMAL
2025-09-18,611622342.02,1.91,NVDA,3.0,0.56,337944836.0,337944.84,0.0,42.7,0.577,VICTORY_LEARNED
2025-09-19,612225617.09,0.1,NVDA,3.0,0.69,419006268.0,419006.27,0.0,42.6,0.531,NORMAL
2025-09-22,631177392.34,3.1,NVDA,3.0,0.81,495052931.0,495052.93,0.0,41.3,0.777,VICTORY_LEARNED
2025-09-23,621141170.89,-1.59,NVDA,3.0,0.54,343564952.0,343564.95,0.0,41.5,0.79,OPPORTUNITY_BOOST
2025-09-24,620702091.02,-0.07,GLD,1.0,0.07,43632883.0,43632.88,0.0,41.1,0.818,SCOUT_VETO
2025-09-25,620840014.19,0.02,GLD,1.0,0.07,43575021.0,43575.02,0.0,41.2,0.814,SCOUT_VETO
2025-09-26,621033588.63,0.03,GLD,1.0,0.07,40562338.0,40562.34,0.0,41.1,0.819,SCOUT_VETO
2025-09-29,621892177.67,0.14,GLD,1.0,0.09,55405301.0,55405.3,0.0,40.7,0.827,SCOUT_VETO
2025-09-30,622248982.64,0.06,GLD,1.0,0.08,47321588.0,47321.59,0.0,40.5,0.81,SCOUT_VETO
2025-10-01,623074881.79,0.13,NVDA,3.0,0.52,325489083.0,325489.08,0.0,41.1,0.768,OPPORTUNITY_BOOST
2025-10-02,625093536.33,0.32,NVDA,3.0,0.41,258398092.0,258398.09,0.0,41.1,0.744,OPPORTUNITY_BOOST
2025-10-03,623099737.66,-0.32,NVDA,3.0,0.41,258144915.0,258144.92,0.0,41.3,0.753,OPPORTUNITY_BOOST
2025-10-06,619564040.53,-0.57,NVDA,3.0,0.47,292539648.0,292539.65,0.0,41.7,0.64,OPPORTUNITY_BOOST
2025-10-07,618606326.33,-0.15,NVDA,3.0,0.42,259204397.0,259204.4,0.0,41.4,0.649,OPPORTUNITY_BOOST
2025-10-08,623774285.3,0.84,NVDA,3.0,0.4,246148703.0,246148.7,0.0,41.0,0.727,OPPORTUNITY_BOOST
2025-10-09,629869099.53,0.98,NVDA,3.0,0.56,352378091.0,352378.09,0.0,41.8,0.498,NORMAL
2025-10-10,605322410.02,-3.9,NVDA,3.0,0.78,492259805.0,492259.81,0.0,42.4,0.628,TRAUMA_LEARNED
2025-10-13,613175762.93,1.3,NVDA,3.0,0.48,289022731.0,289022.73,0.0,41.4,0.799,OPPORTUNITY_BOOST
2025-10-14,613606272.07,0.07,GLD,1.0,0.11,70101917.0,70101.92,0.0,40.9,0.847,SCOUT_VETO
2025-10-15,614909528.58,0.21,GLD,1.0,0.13,79795757.0,79795.76,0.0,41.0,0.845,SCOUT_VETO
2025-10-16,617893574.5,0.49,GLD,1.0,0.22,133292044.0,133292.04,0.0,40.7,0.851,SCOUT_VETO
2025-10-17,613112292.82,-0.77,GLD,1.0,0.39,241271041.0,241271.04,0.0,40.7,0.85,SCOUT_VETO
2025-10-20,618039520.94,0.8,GLD,1.0,0.23,139179472.0,139179.47,0.0,41.0,0.843,VICTORY_LEARNED
2025-10-21,604718654.53,-2.16,GLD,1.0,0.33,204092116.0,204092.12,0.0,40.5,0.853,TRAUMA_LEARNED
2025-10-22,604615706.75,-0.02,GLD,1.0,0.19,115161324.0,115161.32,0.0,40.3,0.869,SCOUT_VETO
2025-10-23,604771460.66,0.03,GLD,1.0,0.09,51877186.0,51877.19,0.0,40.3,0.867,SCOUT_VETO
2025-10-24,604553499.1,-0.04,GLD,1.0,0.08,50073496.0,50073.5,0.0,40.3,0.857,SCOUT_VETO
2025-10-27,602049484.95,-0.41,GLD,1.0,0.14,86825760.0,86825.76,0.0,41.1,0.812,SCOUT_VETO
2025-10-28,631292989.39,4.86,NVDA,3.0,0.99,599008325.0,599008.33,0.0,41.4,0.679,VICTORY_LEARNED
2025-10-29,649766465.35,2.93,NVDA,3.0,1.01,639365205.0,639365.2,1622.11,41.9,0.565,OPPORTUNITY_BOOST
2025-10-30,642129914.0,-1.18,NVDA,3.0,0.56,362877784.0,362877.78,0.0,42.1,0.625,OPPORTUNITY_BOOST
2025-10-31,641048100.25,-0.17,NVDA,3.0,0.57,364061210.0,364061.21,0.0,42.1,0.652,OPPORTUNITY_BOOST
2025-11-03,648760038.12,1.2,NVDA,3.0,0.58,372916232.0,372916.23,0.0,42.5,0.544,NORMAL
2025-11-04,633525558.32,-2.35,NVDA,3.0,0.58,375342862.0,375342.86,0.0,41.9,0.758,OPPORTUNITY_BOOST
2025-11-05,627332874.55,-0.98,NVDA,3.0,0.53,334474316.0,334474.32,0.0,42.1,0.745,OPPORTUNITY_BOOST
2025-11-06,611593058.86,-2.51,NVDA,3.0,0.67,419451106.0,419451.11,0.0,42.1,0.786,OPPORTUNITY_BOOST
2025-11-07,611280105.28,-0.05,NVDA,3.0,0.82,498461188.0,498461.19,0.0,42.1,0.785,OPPORTUNITY_BOOST
2025-11-10,612621278.35,0.22,GLD,1.0,0.08,50915570.0,50915.57,0.0,41.6,0.818,SCOUT_VETO
2025-11-11,612741282.72,0.02,GLD,1.0,0.07,40848180.0,40848.18,0.0,41.5,0.827,SCOUT_VETO
2025-11-12,613686380.2,0.15,GLD,1.0,0.1,62544660.0,62544.66,0.0,41.4,0.829,SCOUT_VETO
2025-11-13,613134550.83,-0.09,GLD,1.0,0.1,60753428.0,60753.43,0.0,41.2,0.85,SCOUT_VETO
2025-11-14,612046183.67,-0.18,GLD,1.0,0.09,57138400.0,57138.4,0.0,41.4,0.838,SCOUT_VETO
2025-11-17,611430318.39,-0.1,GLD,1.0,0.08,49411610.0,49411.61,0.0,41.1,0.853,SCOUT_VETO
2025-11-18,611613690.95,0.03,GLD,1.0,0.05,29269678.0,29269.68,0.0,41.1,0.841,SCOUT_VETO
2025-11-19,611639606.82,0.0,GLD,1.0,0.07,41172107.0,41172.11,0.0,41.4,0.837,SCOUT_VETO
2025-11-20,611588670.98,-0.01,GLD,1.0,0.06,39383616.0,39383.62,0.0,41.1,0.842,SCOUT_VETO
2025-11-21,611462875.04,-0.02,GLD,1.0,0.08,49383428.0,49383.43,0.0,40.8,0.851,SCOUT_VETO
2025-11-24,612032067.17,0.09,GLD,1.0,0.06,38344312.0,38344.31,0.0,40.8,0.853,SCOUT_VETO
2025-11-25,611979746.08,-0.01,GLD,1.0,0.06,39767009.0,39767.01,0.0,40.5,0.843,SCOUT_VETO
2025-11-26,612225990.5,0.04,GLD,1.0,0.06,35186123.0,35186.12,0.0,40.5,0.859,SCOUT_VETO
2025-11-28,612543951.82,0.05,GLD,1.0,0.05,27831942.0,27831.94,0.0,40.7,0.843,SCOUT_VETO
2025-12-01,612710407.96,0.03,GLD,1.0,0.07,43562747.0,43562.75,0.0,40.5,0.863,SCOUT_VETO
2025-12-02,612476927.7,-0.04,GLD,1.0,0.05,31381542.0,31381.54,0.0,40.4,0.869,SCOUT_VETO
2025-12-03,612418050.31,-0.01,GLD,1.0,0.05,30512452.0,30512.45,0.0,40.5,0.866,SCOUT_VETO
2025-12-04,612408798.92,-0.0,GLD,1.0,0.04,26148309.0,26148.31,0.0,40.5,0.871,SCOUT_VETO
2025-12-05,612307193.48,-0.02,GLD,1.0,0.06,36517807.0,36517.81,0.0,40.4,0.87,SCOUT_VETO
2025-12-08,612211498.73,-0.02,GLD,1.0,0.04,26293739.0,26293.74,0.0,40.4,0.86,SCOUT_VETO
2025-12-09,611107057.56,-0.18,NVDA,5.0,0.44,267688031.0,267688.03,0.0,39.3,0.764,NORMAL
2025-12-10,608883202.95,-0.36,NVDA,5.0,0.49,299167006.0,299167.01,0.0,38.5,0.63,NORMAL
2025-12-11,603443258.01,-0.89,NVDA,5.0,0.54,329539737.0,329539.74,0.0,38.3,0.626,NORMAL
2025-12-12,591407459.41,-1.99,NVDA,5.0,0.59,357521939.0,357521.94,0.0,38.0,0.637,NORMAL
2025-12-15,593224793.19,0.31,NVDA,5.0,0.49,290482894.0,290482.89,0.0,38.0,0.623,NORMAL
2025-12-16,595102779.91,0.32,NVDA,5.0,0.45,264070773.0,264070.77,0.0,38.0,0.62,NORMAL
2025-12-17,580194013.97,-2.51,NVDA,5.0,0.64,380812445.0,380812.45,0.0,39.1,0.784,NORMAL
2025-12-18,585627915.47,0.94,NVDA,5.0,0.53,306653573.0,306653.57,0.0,39.1,0.783,NORMAL
2025-12-19,585633008.3,0.0,GLD,1.0,0.07,39482230.0,39482.23,0.0,39.7,0.83,SCOUT_VETO
2025-12-22,586913238.72,0.22,GLD,1.0,0.1,57977234.0,57977.23,0.0,39.4,0.802,SCOUT_VETO
2025-12-23,587581882.93,0.11,GLD,1.0,0.09,54572768.0,54572.77,0.0,40.9,0.821,SCOUT_VETO
2025-12-24,587439796.66,-0.02,GLD,1.0,0.05,27675105.0,27675.1,0.0,40.8,0.831,SCOUT_VETO
2025-12-26,587905927.07,0.08,GLD,1.0,0.07,43658515.0,43658.51,0.0,40.7,0.825,SCOUT_VETO
2025-12-29,584235579.7,-0.62,GLD,1.0,0.14,82427292.0,82427.29,0.0,40.5,0.839,TRAUMA_LEARNED
2025-12-30,584224518.13,-0.0,GLD,1.0,0.07,40603015.0,40603.01,0.0,40.0,0.84,SCOUT_VETO
2025-12-31,583922791.76,-0.05,GLD,1.0,0.07,40402615.0,40402.62,0.0,40.2,0.862,SCOUT_VETO
2026-01-02,587170396.47,0.56,NVDA,5.0,0.48,279952193.0,279952.19,0.0,39.7,0.786,NORMAL
2026-01-05,588554423.32,0.24,GLD,1.0,0.09,54676148.0,54676.15,0.0,39.9,0.814,SCOUT_VETO
2026-01-06,588511722.6,-0.01,NVDA,5.0,0.23,138223250.0,138223.25,0.0,39.9,0.776,NORMAL
