Date,NAV,Daily_PnL_Pct,Action,Leverage,Risk_Prob,Trauma_Score,Event
2025-01-02,1000000.0,0.0,DEPLOYING,0.0,0.0,0.0,WARMUP_COMPLETE
2025-01-02,1011296.19,1.13,GOLD HEDGE,1.0,51.8,0.91,NORMAL
2025-01-03,1006009.45,-0.52,GOLD HEDGE,1.0,51.8,0.903,NORMAL
2025-01-06,1003499.14,-0.25,GOLD HEDGE,1.0,51.7,0.907,NORMAL
2025-01-07,1010459.46,0.69,GOLD HEDGE,1.0,51.7,0.875,NORMAL
2025-01-08,1013426.16,0.29,GOLD HEDGE,1.0,51.7,0.906,NORMAL
2025-01-09,1020766.81,0.72,GOLD HEDGE,1.0,51.6,0.899,NORMAL
2025-01-10,1030161.28,0.92,GOLD HEDGE,1.0,51.4,0.9,NORMAL
2025-01-13,1016849.25,-1.29,GOLD HEDGE,1.0,51.3,0.929,NORMAL
2025-01-14,1018370.63,0.15,GOLD HEDGE,1.0,51.3,0.92,NORMAL
2025-01-15,1031682.66,1.31,GOLD HEDGE,1.0,51.2,0.909,NORMAL
2025-01-16,1044576.28,1.25,GOLD HEDGE,1.0,51.1,0.923,NORMAL
2025-01-17,1043777.61,-0.08,GOLD HEDGE,1.0,51.1,0.918,NORMAL
2025-01-21,1047847.27,0.39,GOLD HEDGE,1.0,51.0,0.91,NORMAL
2025-01-22,1052639.64,0.46,GOLD HEDGE,1.0,50.9,0.904,NORMAL
2025-01-23,1050928.1,-0.16,GOLD HEDGE,1.0,50.9,0.901,NORMAL
2025-01-24,1056328.96,0.51,GOLD HEDGE,1.0,50.9,0.897,NORMAL
2025-01-27,1041191.26,-1.43,GOLD HEDGE,1.0,50.8,0.871,NORMAL
2025-01-28,1052335.35,1.07,GOLD HEDGE,1.0,50.8,0.859,NORMAL
2025-01-29,1053210.16,0.08,GOLD HEDGE,1.0,50.8,0.859,NORMAL
2025-01-30,1073710.65,1.95,GOLD HEDGE,1.0,50.8,0.839,NORMAL
2025-01-31,1069717.04,-0.37,GOLD HEDGE,1.0,50.8,0.843,NORMAL
2025-02-03,1077856.37,0.76,GOLD HEDGE,1.0,50.5,0.843,NORMAL
2025-02-04,1085235.09,0.68,GOLD HEDGE,1.0,50.4,0.849,NORMAL
2025-02-05,1092195.4,0.64,GOLD HEDGE,1.0,50.3,0.85,NORMAL
2025-02-06,1086262.0,-0.54,GOLD HEDGE,1.0,50.3,0.84,NORMAL
2025-02-07,1090559.9,0.4,GOLD HEDGE,1.0,50.3,0.835,NORMAL
2025-02-10,1108436.07,1.64,GOLD HEDGE,1.0,50.4,0.797,NORMAL
2025-02-11,1107751.43,-0.06,GOLD HEDGE,1.0,50.3,0.764,NORMAL
2025-02-12,1106420.22,-0.12,GOLD HEDGE,1.0,50.3,0.758,NORMAL
2025-02-13,1112848.0,0.58,GOLD HEDGE,1.0,50.3,0.758,NORMAL
2025-02-14,1096759.53,-1.45,GOLD HEDGE,1.0,50.4,0.74,NORMAL
2025-02-18,1115016.03,1.66,GOLD HEDGE,1.0,50.5,0.686,NORMAL
2025-02-19,1110375.76,-0.42,GOLD HEDGE,1.0,50.7,0.65,NORMAL
2025-02-20,1118210.88,0.71,GOLD HEDGE,1.0,50.7,0.652,NORMAL
2025-02-21,1117298.1,-0.08,GOLD HEDGE,1.0,50.6,0.661,NORMAL
2025-02-24,1121215.56,0.35,GOLD HEDGE,1.0,50.5,0.651,NORMAL
2025-02-25,1104708.68,-1.47,GOLD HEDGE,1.0,50.4,0.662,NORMAL
2025-02-26,1109386.92,0.42,GOLD HEDGE,1.0,50.4,0.653,NORMAL
2025-02-27,1096607.33,-1.15,GOLD HEDGE,1.0,50.4,0.684,NORMAL
2025-02-28,1078959.42,-1.61,GOLD HEDGE,1.0,50.4,0.674,NORMAL
2025-03-03,1099269.74,1.88,GOLD HEDGE,1.0,50.2,0.697,NORMAL
2025-03-04,1106648.47,0.67,GOLD HEDGE,1.0,50.2,0.701,NORMAL
2025-03-05,1108816.41,0.2,GOLD HEDGE,1.0,50.0,0.727,NORMAL
2025-03-06,1109310.87,0.04,GOLD HEDGE,1.0,49.9,0.729,NORMAL
2025-03-07,1104784.73,-0.41,GOLD HEDGE,1.0,49.8,0.734,NORMAL
2025-03-10,1099574.04,-0.47,GOLD HEDGE,1.0,49.7,0.741,NORMAL
2025-03-11,1107903.53,0.76,GOLD HEDGE,1.0,49.7,0.741,NORMAL
2025-03-12,1117868.61,0.9,GOLD HEDGE,1.0,49.6,0.75,NORMAL
2025-03-13,1135060.13,1.54,GOLD HEDGE,1.0,49.6,0.745,NORMAL
2025-03-14,1138939.62,0.34,GOLD HEDGE,1.0,49.6,0.74,NORMAL
2025-03-17,1141031.51,0.18,GOLD HEDGE,1.0,49.7,0.71,NORMAL
2025-03-18,1154381.62,1.17,GOLD HEDGE,1.0,49.8,0.722,NORMAL
2025-03-19,1154685.82,0.03,GOLD HEDGE,1.0,49.9,0.696,NORMAL
2025-03-20,1156245.27,0.14,GOLD HEDGE,1.0,50.0,0.694,NORMAL
2025-03-21,1147953.75,-0.72,GOLD HEDGE,1.0,50.1,0.668,NORMAL
2025-03-24,1146014.06,-0.17,GOLD HEDGE,1.0,50.2,0.66,NORMAL
2025-03-25,1150045.64,0.35,GOLD HEDGE,1.0,50.4,0.623,NORMAL
2025-03-26,1148980.66,-0.09,GOLD HEDGE,1.0,50.5,0.612,NORMAL
2025-03-27,1163928.19,1.3,GOLD HEDGE,1.0,50.5,0.616,NORMAL
2025-03-28,1173931.26,0.86,GOLD HEDGE,1.0,50.6,0.608,NORMAL
2025-03-31,1187737.76,1.18,GOLD HEDGE,1.0,50.3,0.656,NORMAL
2025-04-01,1186254.36,-0.12,GOLD HEDGE,1.0,50.4,0.629,NORMAL
2025-04-02,1194241.58,0.67,GOLD HEDGE,1.0,50.4,0.637,NORMAL
2025-04-03,1177924.87,-1.37,GOLD HEDGE,1.0,49.9,0.65,NORMAL
2025-04-04,1145595.64,-2.74,GOLD HEDGE,1.0,48.9,0.682,NORMAL
2025-04-07,1122508.79,-2.02,GOLD HEDGE,1.0,48.4,0.752,NORMAL
2025-04-08,1129012.61,0.58,GOLD HEDGE,1.0,48.2,0.797,NORMAL
2025-04-09,1162520.94,2.97,GOLD HEDGE,1.0,47.7,0.815,NORMAL
2025-04-10,1200060.86,3.23,GOLD HEDGE,1.0,48.0,0.87,VICTORY_LEARNED
2025-04-11,1225543.9,2.12,GOLD HEDGE,1.0,48.0,0.876,NORMAL
2025-04-14,1218925.95,-0.54,GOLD HEDGE,1.0,48.0,0.876,NORMAL
2025-04-15,1224212.69,0.43,GOLD HEDGE,1.0,48.0,0.877,NORMAL
2025-04-16,1265251.85,3.35,GOLD HEDGE,1.0,47.9,0.881,VICTORY_LEARNED
2025-04-17,1258443.64,-0.54,GOLD HEDGE,1.0,48.0,0.869,NORMAL
2025-04-21,1295527.16,2.95,GOLD HEDGE,1.0,48.2,0.846,NORMAL
2025-04-22,1293473.34,-0.16,GOLD HEDGE,1.0,48.3,0.826,NORMAL
2025-04-23,1246120.53,-3.66,GOLD HEDGE,1.0,48.4,0.841,NORMAL
2025-04-24,1267305.67,1.7,GOLD HEDGE,1.0,48.9,0.728,NORMAL
2025-04-25,1248440.58,-1.49,GOLD HEDGE,1.0,49.1,0.746,NORMAL
2025-04-28,1267495.84,1.53,GOLD HEDGE,1.0,49.2,0.767,NORMAL
2025-04-29,1262285.15,-0.41,GOLD HEDGE,1.0,49.3,0.758,NORMAL
2025-04-30,1257036.38,-0.42,GOLD HEDGE,1.0,49.2,0.775,NORMAL
2025-05-01,1220903.72,-2.87,GOLD HEDGE,1.0,49.2,0.796,NORMAL
2025-05-02,1229233.21,0.68,GOLD HEDGE,1.0,49.1,0.811,NORMAL
2025-05-05,1259432.57,2.46,GOLD HEDGE,1.0,49.3,0.835,NORMAL
2025-05-06,1297504.93,3.02,GOLD HEDGE,1.0,49.2,0.847,VICTORY_LEARNED
2025-05-07,1286094.62,-0.88,GOLD HEDGE,1.0,49.1,0.837,NORMAL
2025-05-08,1253841.53,-2.51,GOLD HEDGE,1.0,49.4,0.848,NORMAL
2025-05-09,1268598.8,1.18,GOLD HEDGE,1.0,49.2,0.851,NORMAL
2025-05-12,1224707.16,-3.46,GOLD HEDGE,1.0,49.4,0.863,NORMAL
2025-05-13,1232428.16,0.63,GOLD HEDGE,1.0,49.4,0.867,NORMAL
2025-05-14,1210025.85,-1.82,GOLD HEDGE,1.0,49.4,0.851,NORMAL
2025-05-15,1224973.38,1.24,GOLD HEDGE,1.0,49.6,0.842,NORMAL
2025-05-16,1210254.09,-1.2,GOLD HEDGE,1.0,49.7,0.839,NORMAL
2025-05-19,1228092.18,1.47,GOLD HEDGE,1.0,49.8,0.846,NORMAL
2025-05-20,1247641.91,1.59,GOLD HEDGE,1.0,49.9,0.827,NORMAL
2025-05-21,1258671.88,0.88,GOLD HEDGE,1.0,50.1,0.84,NORMAL
2025-05-22,1252206.04,-0.51,GOLD HEDGE,1.0,50.1,0.833,NORMAL
2025-05-23,1279324.57,2.17,GOLD HEDGE,1.0,50.2,0.846,NORMAL
2025-05-27,1254792.39,-1.92,GOLD HEDGE,1.0,50.2,0.849,NORMAL
2025-05-28,1252700.5,-0.17,GOLD HEDGE,1.0,50.3,0.855,NORMAL
2025-05-29,1261638.58,0.71,GOLD HEDGE,1.0,50.3,0.866,NORMAL
2025-05-30,1250912.81,-0.85,GOLD HEDGE,1.0,50.2,0.875,NORMAL
2025-06-02,1281986.98,2.48,GOLD HEDGE,1.0,50.2,0.896,NORMAL
2025-06-03,1274227.91,-0.61,GOLD HEDGE,1.0,50.1,0.898,NORMAL
2025-06-04,1283089.94,0.7,GOLD HEDGE,1.0,50.2,0.904,NORMAL
2025-06-05,1274418.08,-0.68,GOLD HEDGE,1.0,50.3,0.881,NORMAL
2025-06-06,1263768.45,-0.84,GOLD HEDGE,1.0,50.4,0.905,NORMAL
2025-06-09,1267343.74,0.28,GOLD HEDGE,1.0,50.5,0.905,NORMAL
2025-06-10,1263083.81,-0.34,GOLD HEDGE,1.0,50.5,0.912,NORMAL
2025-06-11,1263236.01,0.01,GOLD HEDGE,1.0,50.6,0.921,NORMAL
2025-06-12,1285904.44,1.79,GOLD HEDGE,1.0,50.7,0.918,NORMAL
2025-06-13,1305035.76,1.49,GOLD HEDGE,1.0,50.5,0.881,NORMAL
2025-06-16,1291799.77,-1.01,GOLD HEDGE,1.0,50.5,0.917,NORMAL
2025-06-17,1288072.48,-0.29,GOLD HEDGE,1.0,50.5,0.936,NORMAL
2025-06-18,1289289.56,0.09,GOLD HEDGE,1.0,50.5,0.935,NORMAL
2025-06-20,1281036.12,-0.64,GOLD HEDGE,1.0,50.6,0.933,NORMAL
2025-06-23,1284687.36,0.29,GOLD HEDGE,1.0,50.7,0.914,NORMAL
2025-06-24,1261752.61,-1.79,GOLD HEDGE,1.0,50.5,0.938,NORMAL
2025-06-25,1265442.02,0.29,GOLD HEDGE,1.0,50.5,0.936,NORMAL
2025-06-26,1267876.18,0.19,GOLD HEDGE,1.0,50.6,0.935,NORMAL
2025-06-27,1245131.6,-1.79,GOLD HEDGE,1.0,50.6,0.932,NORMAL
2025-06-30,1253004.7,0.63,GOLD HEDGE,1.0,50.7,0.876,NORMAL
2025-07-01,1269093.27,1.28,GOLD HEDGE,1.0,50.9,0.879,NORMAL
2025-07-02,1273391.17,0.34,GOLD HEDGE,1.0,51.0,0.925,NORMAL
2025-07-03,1267153.57,-0.49,GOLD HEDGE,1.0,51.1,0.91,NORMAL
2025-07-04,1267495.84,0.03,GOLD HEDGE,1.0,51.2,0.903,NORMAL
2025-07-07,1267381.72,-0.01,GOLD HEDGE,1.0,51.6,0.78,NORMAL
2025-07-08,1257797.07,-0.76,GOLD HEDGE,1.0,51.9,0.883,NORMAL
2025-07-09,1259546.69,0.14,GOLD HEDGE,1.0,52.0,0.884,NORMAL
2025-07-10,1261752.61,0.18,GOLD HEDGE,1.0,52.0,0.882,NORMAL
2025-07-11,1276433.92,1.16,GOLD HEDGE,1.0,52.1,0.861,NORMAL
2025-07-14,1274722.37,-0.13,GOLD HEDGE,1.0,52.0,0.899,NORMAL
2025-07-15,1266468.93,-0.65,GOLD HEDGE,1.0,52.0,0.9,NORMAL
2025-07-16,1275102.72,0.68,GOLD HEDGE,1.0,52.1,0.889,NORMAL
2025-07-17,1270386.49,-0.37,GOLD HEDGE,1.0,52.0,0.896,NORMAL
2025-07-18,1275292.89,0.39,GOLD HEDGE,1.0,52.0,0.896,NORMAL
2025-07-21,1293891.66,1.46,GOLD HEDGE,1.0,52.3,0.844,NORMAL
2025-07-22,1308078.51,1.1,GOLD HEDGE,1.0,52.0,0.903,NORMAL
2025-07-23,1290925.06,-1.31,GOLD HEDGE,1.0,52.1,0.898,NORMAL
2025-07-24,1282139.08,-0.68,GOLD HEDGE,1.0,52.1,0.89,NORMAL
2025-07-25,1268066.36,-1.1,GOLD HEDGE,1.0,52.3,0.876,NORMAL
2025-07-28,1258595.83,-0.75,GOLD HEDGE,1.0,52.3,0.86,NORMAL
2025-07-29,1264034.67,0.43,GOLD HEDGE,1.0,52.3,0.865,NORMAL
2025-07-30,1253537.24,-0.83,GOLD HEDGE,1.0,52.2,0.883,NORMAL
2025-07-31,1252548.31,-0.08,GOLD HEDGE,1.0,52.2,0.883,NORMAL
2025-08-01,1273277.05,1.65,GOLD HEDGE,1.0,52.0,0.873,NORMAL
2025-08-04,1283432.21,0.8,GOLD HEDGE,1.0,51.9,0.867,NORMAL
2025-08-05,1286284.79,0.22,GOLD HEDGE,1.0,51.9,0.868,NORMAL
2025-08-06,1285562.17,-0.06,GOLD HEDGE,1.0,51.8,0.872,NORMAL
2025-08-07,1293283.17,0.6,GOLD HEDGE,1.0,51.8,0.881,NORMAL
2025-08-08,1308040.53,1.14,GOLD HEDGE,1.0,51.6,0.869,NORMAL
2025-08-11,1275330.96,-2.5,GOLD HEDGE,1.0,51.6,0.857,NORMAL
2025-08-12,1273733.44,-0.13,GOLD HEDGE,1.0,51.6,0.827,NORMAL
2025-08-13,1277460.83,0.29,GOLD HEDGE,1.0,51.6,0.83,NORMAL
2025-08-14,1268522.75,-0.7,GOLD HEDGE,1.0,51.6,0.817,NORMAL
2025-08-15,1268827.04,0.02,GOLD HEDGE,1.0,51.6,0.804,NORMAL
2025-08-18,1267191.55,-0.13,GOLD HEDGE,1.0,51.6,0.782,NORMAL
2025-08-19,1260231.24,-0.55,GOLD HEDGE,1.0,51.7,0.788,NORMAL
2025-08-20,1271641.55,0.91,GOLD HEDGE,1.0,51.9,0.732,NORMAL
2025-08-21,1269169.32,-0.19,GOLD HEDGE,1.0,52.0,0.739,NORMAL
2025-08-22,1283432.21,1.12,GOLD HEDGE,1.0,52.1,0.694,NORMAL
2025-08-25,1283204.06,-0.02,GOLD HEDGE,1.0,52.2,0.693,NORMAL
2025-08-26,1288833.17,0.44,GOLD HEDGE,1.0,52.1,0.67,NORMAL
2025-08-27,1294918.67,0.47,GOLD HEDGE,1.0,52.3,0.672,NORMAL
2025-08-28,1305264.0,0.8,GOLD HEDGE,1.0,52.4,0.671,NORMAL
2025-08-29,1321200.37,1.22,GOLD HEDGE,1.0,52.6,0.664,NORMAL
2025-09-02,1349992.38,2.18,GOLD HEDGE,1.0,53.0,0.657,NORMAL
2025-09-03,1366651.46,1.23,GOLD HEDGE,1.0,52.8,0.681,NORMAL
2025-09-04,1356230.08,-0.76,GOLD HEDGE,1.0,52.8,0.677,NORMAL
2025-09-05,1374258.34,1.33,GOLD HEDGE,1.0,52.6,0.693,NORMAL
2025-09-08,1383728.95,0.69,GOLD HEDGE,1.0,52.6,0.709,NORMAL
2025-09-09,1385706.72,0.14,GOLD HEDGE,1.0,52.6,0.707,NORMAL
2025-09-10,1385820.84,0.01,GOLD HEDGE,1.0,52.5,0.706,NORMAL
2025-09-11,1383272.47,-0.18,GOLD HEDGE,1.0,52.6,0.704,NORMAL
2025-09-12,1388026.76,0.34,GOLD HEDGE,1.0,52.7,0.725,NORMAL
2025-09-15,1400502.06,0.9,GOLD HEDGE,1.0,52.6,0.735,NORMAL
2025-09-16,1403050.35,0.18,GOLD HEDGE,1.0,52.6,0.728,NORMAL
2025-09-17,1400349.96,-0.19,GOLD HEDGE,1.0,52.6,0.713,NORMAL
2025-09-18,1385858.82,-1.03,GOLD HEDGE,1.0,52.6,0.716,NORMAL
2025-09-19,1396432.4,0.76,GOLD HEDGE,1.0,52.7,0.685,NORMAL
2025-09-22,1422752.18,1.88,GOLD HEDGE,1.0,52.8,0.681,NORMAL
2025-09-23,1437927.95,1.07,GOLD HEDGE,1.0,52.8,0.692,NORMAL
2025-09-24,1419481.27,-1.28,GOLD HEDGE,1.0,52.5,0.697,NORMAL
2025-09-25,1421306.85,0.13,GOLD HEDGE,1.0,52.5,0.703,NORMAL
2025-09-26,1435912.11,1.03,GOLD HEDGE,1.0,52.6,0.682,NORMAL
2025-09-29,1453255.73,1.21,GOLD HEDGE,1.0,52.5,0.705,NORMAL
2025-09-30,1460824.63,0.52,GOLD HEDGE,1.0,52.2,0.672,NORMAL
2025-10-01,1470979.79,0.7,GOLD HEDGE,1.0,52.3,0.689,NORMAL
2025-10-02,1460406.22,-0.72,GOLD HEDGE,1.0,52.3,0.714,NORMAL
2025-10-03,1476038.38,1.07,GOLD HEDGE,1.0,52.4,0.727,NORMAL
2025-10-06,1501787.64,1.74,GOLD HEDGE,1.0,52.5,0.723,NORMAL
2025-10-07,1512475.34,0.71,GOLD HEDGE,1.0,52.6,0.715,NORMAL
2025-10-08,1537844.26,1.68,GOLD HEDGE,1.0,52.8,0.699,NORMAL
2025-10-09,1500950.91,-2.4,GOLD HEDGE,1.0,52.9,0.702,NORMAL
2025-10-10,1512209.03,0.75,GOLD HEDGE,1.0,52.7,0.732,NORMAL
2025-10-13,1562680.73,3.34,GOLD HEDGE,1.0,52.7,0.708,VICTORY_LEARNED
2025-10-14,1574129.12,0.73,GOLD HEDGE,1.0,52.7,0.733,NORMAL
2025-10-15,1588658.14,0.92,GOLD HEDGE,1.0,52.7,0.735,NORMAL
2025-10-16,1627947.77,2.47,GOLD HEDGE,1.0,52.6,0.734,NORMAL
2025-10-17,1593602.61,-2.11,GOLD HEDGE,1.0,52.5,0.75,NORMAL
2025-10-20,1649322.98,3.5,GOLD HEDGE,1.0,52.4,0.764,VICTORY_LEARNED
2025-10-21,1554731.49,-5.74,GOLD HEDGE,1.0,52.1,0.765,TRAUMA_LEARNED
2025-10-22,1538262.58,-1.06,GOLD HEDGE,1.0,52.1,0.806,NORMAL
2025-10-23,1569108.5,2.01,GOLD HEDGE,1.0,52.2,0.818,NORMAL
2025-10-24,1566408.02,-0.17,GOLD HEDGE,1.0,52.2,0.793,NORMAL
2025-10-27,1522097.97,-2.83,GOLD HEDGE,1.0,52.3,0.808,NORMAL
2025-10-28,1508519.71,-0.89,GOLD HEDGE,1.0,52.4,0.795,NORMAL
2025-10-29,1515175.73,0.44,GOLD HEDGE,1.0,52.4,0.798,NORMAL
2025-10-30,1521869.82,0.44,GOLD HEDGE,1.0,52.4,0.798,NORMAL
2025-10-31,1514605.21,-0.48,GOLD HEDGE,1.0,52.4,0.803,NORMAL
2025-11-03,1521489.47,0.45,GOLD HEDGE,1.0,52.4,0.799,NORMAL
2025-11-04,1501483.35,-1.31,GOLD HEDGE,1.0,52.5,0.796,NORMAL
2025-11-05,1513882.6,0.83,GOLD HEDGE,1.0,52.5,0.779,NORMAL
2025-11-06,1513730.4,-0.01,GOLD HEDGE,1.0,52.5,0.784,NORMAL
2025-11-07,1521147.11,0.49,GOLD HEDGE,1.0,52.6,0.779,NORMAL
2025-11-10,1563897.72,2.81,GOLD HEDGE,1.0,52.5,0.783,NORMAL
2025-11-11,1561996.0,-0.12,GOLD HEDGE,1.0,52.5,0.791,NORMAL
2025-11-12,1599117.59,2.38,GOLD HEDGE,1.0,52.3,0.804,NORMAL
2025-11-13,1592461.58,-0.42,GOLD HEDGE,1.0,52.3,0.809,NORMAL
2025-11-14,1554693.51,-2.37,GOLD HEDGE,1.0,52.2,0.815,NORMAL
2025-11-17,1547352.85,-0.47,GOLD HEDGE,1.0,52.2,0.83,NORMAL
2025-11-18,1544690.45,-0.17,GOLD HEDGE,1.0,52.1,0.838,NORMAL
2025-11-19,1550928.05,0.4,GOLD HEDGE,1.0,52.1,0.847,NORMAL
2025-11-20,1542864.78,-0.52,GOLD HEDGE,1.0,51.7,0.803,NORMAL
2025-11-21,1550547.71,0.5,GOLD HEDGE,1.0,51.7,0.808,NORMAL
2025-11-24,1556328.91,0.37,GOLD HEDGE,1.0,51.6,0.816,NORMAL
2025-11-25,1574319.29,1.16,GOLD HEDGE,1.0,51.5,0.803,NORMAL
2025-11-26,1584208.23,0.63,GOLD HEDGE,1.0,51.5,0.799,NORMAL
2025-11-28,1604404.34,1.27,GOLD HEDGE,1.0,51.5,0.81,NORMAL
2025-12-01,1612391.56,0.5,GOLD HEDGE,1.0,51.5,0.819,NORMAL
2025-12-02,1592347.55,-1.24,GOLD HEDGE,1.0,51.5,0.841,NORMAL
2025-12-03,1597177.8,0.3,GOLD HEDGE,1.0,51.5,0.828,NORMAL
2025-12-04,1601932.1,0.3,GOLD HEDGE,1.0,51.5,0.824,NORMAL
2025-12-05,1602350.52,0.03,GOLD HEDGE,1.0,51.6,0.82,NORMAL
2025-12-08,1592575.79,-0.61,GOLD HEDGE,1.0,51.6,0.848,NORMAL
2025-12-09,1599992.5,0.47,GOLD HEDGE,1.0,51.6,0.802,NORMAL
2025-12-10,1596074.84,-0.24,GOLD HEDGE,1.0,51.6,0.801,NORMAL
2025-12-11,1629963.52,2.12,GOLD HEDGE,1.0,51.7,0.861,NORMAL
2025-12-12,1635516.57,0.34,GOLD HEDGE,1.0,51.7,0.856,NORMAL
2025-12-15,1638026.88,0.15,GOLD HEDGE,1.0,51.8,0.922,NORMAL
2025-12-16,1637190.05,-0.05,GOLD HEDGE,1.0,51.8,0.925,NORMAL
2025-12-17,1653544.84,1.0,GOLD HEDGE,1.0,51.8,0.923,NORMAL
2025-12-18,1650502.08,-0.18,GOLD HEDGE,1.0,51.7,0.925,NORMAL
2025-12-19,1658831.58,0.5,GOLD HEDGE,1.0,51.7,0.926,NORMAL
2025-12-22,1690476.26,1.91,GOLD HEDGE,1.0,51.7,0.898,NORMAL
2025-12-23,1705005.28,0.86,GOLD HEDGE,1.0,51.7,0.894,NORMAL
2025-12-24,1704168.64,-0.05,GOLD HEDGE,1.0,51.9,0.859,NORMAL
2025-12-26,1722615.31,1.08,GOLD HEDGE,1.0,51.7,0.907,NORMAL
2025-12-29,1645025.17,-4.5,GOLD HEDGE,1.0,51.4,0.925,TRAUMA_LEARNED
2025-12-30,1662140.64,1.04,GOLD HEDGE,1.0,51.4,0.919,NORMAL
2025-12-31,1645215.34,-1.02,GOLD HEDGE,1.0,51.4,0.92,NORMAL
2026-01-02,1646736.72,0.09,GOLD HEDGE,1.0,51.4,0.907,NORMAL
